date_of_interest,CASE_COUNT,HOSPITALIZED_COUNT,DEATH_COUNT,CASE_COUNT_7DAY_AVG,HOSP_COUNT_7DAY_AVG,DEATH_COUNT_7DAY_AVG,BX_CASE_COUNT,BX_HOSPITALIZED_COUNT,BX_DEATH_COUNT,BX_CASE_COUNT_7DAY_AVG,BX_HOSPITALIZED_COUNT_7DAY_AVG,BX_DEATH_COUNT_7DAY_AVG,BK_CASE_COUNT,BK_HOSPITALIZED_COUNT,BK_DEATH_COUNT,BK_CASE_COUNT_7DAY_AVG,BK_HOSPITALIZED_COUNT_7DAY_AVG,BK_DEATH_COUNT_7DAY_AVG,MN_CASE_COUNT,MN_HOSPITALIZED_COUNT,MN_DEATH_COUNT,MN_CASE_COUNT_7DAY_AVG,MN_HOSPITALIZED_COUNT_7DAY_AVG,MN_DEATH_COUNT_7DAY_AVG,QN_CASE_COUNT,QN_HOSPITALIZED_COUNT,QN_DEATH_COUNT,QN_CASE_COUNT_7DAY_AVG,QN_HOSPITALIZED_COUNT_7DAY_AVG,QN_DEATH_COUNT_7DAY_AVG,SI_CASE_COUNT,SI_HOSPITALIZED_COUNT,SI_DEATH_COUNT,SI_CASE_COUNT_7DAY_AVG,SI_HOSPITALIZED_COUNT_7DAY_AVG,SI_DEATH_COUNT_7DAY_AVG,INCOMPLETE
2020-02-29,1,1,0,0,0,0,0,0,0,0,0,0,0,1,0,0,0,0,1,0,0,0,0,0,0,0,0,0,0,0,0,0,0,0,0,0,0
2020-03-01,0,1,0,0,0,0,0,1,0,0,0,0,0,0,0,0,0,0,0,0,0,0,0,0,0,0,0,0,0,0,0,0,0,0,0,0,0
2020-03-02,0,2,0,0,0,0,0,0,0,0,0,0,0,2,0,0,0,0,0,0,0,0,0,0,0,0,0,0,0,0,0,0,0,0,0,0,0
2020-03-03,1,7,0,0,0,0,0,1,0,0,0,0,0,3,0,0,0,0,0,1,0,0,0,0,1,2,0,0,0,0,0,0,0,0,0,0,0
2020-03-04,5,2,0,0,0,0,0,0,0,0,0,0,1,1,0,0,0,0,2,1,0,0,0,0,2,0,0,0,0,0,0,0,0,0,0,0,0
2020-03-05,3,14,0,0,0,0,0,1,0,0,0,0,3,3,0,0,0,0,0,5,0,0,0,0,0,4,0,0,0,0,0,1,0,0,0,0,0
2020-03-06,8,8,0,3,5,0,2,1,0,0,1,0,1,1,0,1,2,0,3,3,0,1,1,0,1,2,0,1,1,0,1,1,0,0,0,0,0
2020-03-07,7,8,0,3,6,0,0,1,0,0,1,0,2,3,0,1,2,0,1,0,0,1,1,0,3,4,0,1,2,0,1,0,0,0,0,0,0
2020-03-08,21,18,0,6,8,0,3,5,0,1,1,0,5,8,0,2,3,0,6,1,0,2,2,0,6,4,0,2,2,0,1,0,0,0,0,0,0
2020-03-09,57,37,0,15,13,0,4,7,0,1,2,0,16,11,0,4,4,0,24,10,0,5,3,0,10,8,0,3,3,0,3,2,0,1,1,0,0
2020-03-10,69,58,0,24,21,0,8,6,0,2,3,0,11,12,0,6,6,0,24,12,0,9,5,0,24,23,0,7,6,0,2,5,0,1,1,0,0
2020-03-11,155,79,1,46,32,0,19,23,0,5,6,0,31,12,0,10,7,0,62,19,0,17,7,0,40,23,1,12,10,0,3,2,0,2,2,0,0
2020-03-12,355,107,0,96,45,0,29,19,0,9,9,0,96,34,0,23,12,0,137,16,0,37,9,0,80,36,0,23,14,0,13,3,0,3,2,0,0
2020-03-13,619,152,0,183,66,0,79,26,0,20,12,0,166,44,0,47,18,0,182,31,0,62,13,0,166,50,0,47,21,0,26,2,0,7,2,0,0
2020-03-14,642,176,2,274,90,0,86,22,0,33,15,0,163,40,1,70,23,0,176,36,0,87,18,0,194,72,1,74,31,0,23,7,0,10,3,0,0
2020-03-15,1035,209,4,419,117,1,119,37,1,49,20,0,432,52,0,131,29,0,206,34,2,116,23,0,231,67,1,106,40,0,47,19,0,17,6,0,0
2020-03-16,2121,340,8,714,160,2,305,74,3,92,30,1,740,92,1,234,41,0,457,46,0,178,28,0,528,114,4,180,55,1,91,15,0,29,8,0,0
2020-03-17,2452,387,8,1054,207,3,343,61,1,140,37,1,783,100,4,344,53,1,567,77,0,255,37,0,651,129,3,270,70,1,108,23,0,44,10,0,0
2020-03-18,2971,494,20,1456,266,6,482,111,1,206,50,1,965,123,6,478,69,2,538,87,4,323,47,1,835,153,9,384,89,3,150,23,0,65,13,0,0
2020-03-19,3706,633,24,1935,342,9,623,135,4,291,67,1,1204,160,6,636,87,3,555,106,4,383,60,1,1065,208,6,524,113,3,258,26,4,100,16,1,0
2020-03-20,4006,739,47,2419,425,16,723,126,13,383,81,3,1136,223,11,775,113,4,653,114,11,450,71,3,1184,249,9,670,142,5,310,33,3,141,21,1,0
2020-03-21,2639,739,44,2704,506,22,491,163,12,441,101,5,554,185,12,831,134,6,399,118,5,482,83,4,947,243,14,777,166,7,248,33,1,173,25,1,0
2020-03-22,2580,774,49,2925,587,29,494,174,12,494,121,7,756,207,10,877,156,7,317,132,7,498,97,4,696,232,14,844,190,8,317,34,6,212,27,2,0
2020-03-23,3570,1140,82,3132,701,39,729,219,12,555,141,8,910,298,27,901,185,11,530,188,7,508,117,5,1192,393,28,939,230,12,209,43,8,229,31,3,0
2020-03-24,4497,1304,95,3424,832,52,926,271,14,638,171,10,1212,365,23,962,223,14,619,206,17,516,136,8,1390,423,35,1044,272,16,350,48,6,263,34,4,0
2020-03-25,4875,1421,124,3696,964,66,1068,313,30,722,200,14,1255,422,37,1004,266,18,586,200,20,523,152,10,1572,451,33,1149,314,20,394,53,4,298,39,5,0
2020-03-26,5044,1533,186,3887,1093,90,998,320,37,776,227,19,1372,489,50,1028,313,24,626,227,29,533,169,14,1644,452,60,1232,349,28,404,56,10,319,43,5,0
2020-03-27,5119,1569,218,4046,1211,114,1090,316,36,828,254,22,1426,473,75,1069,348,33,656,223,42,533,185,18,1576,513,58,1288,387,35,371,64,7,328,47,6,0
2020-03-28,3479,1382,273,4166,1303,147,761,315,62,867,275,29,863,397,78,1113,379,43,388,187,28,532,195,21,1201,452,92,1324,417,46,266,50,13,330,50,8,0
2020-03-29,3560,1501,290,4306,1407,181,699,324,55,896,297,35,1149,461,89,1170,415,54,407,162,35,545,199,25,1075,505,94,1379,456,57,230,64,17,318,54,9,0
2020-03-30,6129,1848,323,4672,1508,216,1314,353,75,979,316,44,1754,555,106,1290,452,65,804,276,34,584,212,29,1858,611,98,1474,487,67,398,72,10,345,58,10,0
2020-03-31,5458,1781,386,4809,1576,257,1282,390,98,1030,333,56,1513,541,127,1333,477,80,616,224,43,583,214,33,1810,594,96,1534,511,76,237,69,22,329,61,12,0
2020-04-01,5449,1728,447,4891,1620,303,1240,379,93,1055,342,65,1590,502,135,1381,488,94,573,220,59,581,217,39,1782,579,144,1564,529,92,264,83,16,310,65,14,0
2020-04-02,5746,1661,497,4991,1639,348,1290,357,96,1097,348,74,1609,445,171,1415,482,112,652,242,62,585,219,43,1826,572,139,1590,547,103,369,74,29,305,68,16,0
2020-04-03,5669,1707,499,5070,1658,388,1450,388,116,1148,358,85,1440,450,144,1417,479,121,672,258,51,587,224,45,1762,561,159,1616,553,117,345,69,29,301,69,19,0
2020-04-04,3865,1444,510,5125,1667,422,1011,313,106,1184,358,91,920,380,164,1425,476,134,385,200,62,587,226,49,1203,522,158,1617,563,127,345,54,20,313,69,20,0
2020-04-05,3780,1399,578,5157,1653,463,822,314,124,1201,356,101,1142,404,165,1424,468,145,356,192,86,580,230,57,1136,441,181,1625,554,139,323,72,22,326,70,21,0
2020-04-06,6353,1741,576,5189,1637,499,1514,391,112,1230,362,106,1461,473,169,1382,456,154,721,266,69,568,229,62,1927,552,202,1635,546,154,730,82,24,373,72,23,0
2020-04-07,6044,1574,598,5272,1608,529,1463,335,115,1256,354,109,1397,458,180,1366,445,161,606,195,92,566,225,69,1948,539,184,1655,538,167,630,69,27,429,72,24,0
2020-04-08,5576,1539,568,5290,1581,547,1305,361,114,1265,351,112,1306,452,171,1325,437,166,546,172,66,563,218,70,1857,519,183,1666,529,172,562,63,34,472,69,26,0
2020-04-09,5070,1342,558,5194,1535,555,1285,273,108,1264,339,114,1370,417,188,1291,433,169,558,193,65,549,211,70,1559,429,172,1627,509,177,298,53,25,462,66,26,0
2020-04-10,4510,1283,537,5028,1475,561,1226,298,116,1232,326,114,1145,326,178,1249,416,174,496,179,69,524,200,73,1342,438,155,1567,491,176,301,62,19,456,65,24,0
2020-04-11,3733,1038,544,5009,1417,566,999,249,132,1231,317,117,1130,298,160,1279,404,173,304,132,60,512,190,72,988,329,164,1537,464,177,311,47,28,451,64,26,0
2020-04-12,2888,949,573,4882,1352,565,764,232,110,1222,306,115,703,252,201,1216,382,178,252,130,62,498,181,69,916,301,174,1505,444,176,253,45,26,441,60,26,0
2020-04-13,3311,1144,568,4447,1267,564,692,263,122,1105,287,117,1066,325,157,1160,361,176,394,171,71,451,167,69,974,341,193,1369,414,175,185,58,25,363,57,26,0
2020-04-14,4144,978,507,4176,1182,551,1076,203,111,1050,268,116,1037,265,152,1108,334,172,441,141,59,427,160,65,1300,338,161,1277,385,172,290,46,24,314,53,26,0
2020-04-15,3876,857,455,3933,1084,535,1068,202,95,1016,246,113,882,243,132,1048,304,167,429,131,56,411,154,63,1180,263,148,1180,348,167,317,32,24,279,49,24,0
2020-04-16,3530,777,413,3713,1004,514,940,175,86,966,232,110,884,225,126,978,276,158,356,105,55,382,141,62,1139,238,132,1120,321,161,211,43,14,267,48,23,0
2020-04-17,3586,787,384,3581,933,492,916,170,88,922,213,106,962,235,118,952,263,149,330,106,41,358,131,58,1099,256,122,1085,295,156,279,32,15,264,43,22,0
2020-04-18,2172,585,390,3358,868,470,552,136,62,858,197,96,575,159,116,873,243,143,187,85,57,341,124,57,705,186,136,1045,275,152,153,29,19,241,41,21,0
2020-04-19,2344,533,399,3280,809,445,532,142,79,825,184,92,635,123,118,863,225,131,176,70,48,330,116,55,867,175,135,1038,257,147,134,28,19,224,38,20,0
2020-04-20,3792,630,363,3349,735,416,981,143,78,866,167,86,983,189,95,851,206,122,381,96,49,329,105,52,1223,190,125,1073,235,137,224,32,16,230,35,19,0
2020-04-21,3063,585,323,3195,679,390,641,143,70,804,159,80,896,162,92,831,191,114,372,91,47,319,98,50,938,174,103,1022,212,129,216,24,11,219,31,17,0
2020-04-22,3447,512,311,3133,630,369,927,120,67,784,147,76,854,140,107,827,176,110,383,91,37,312,92,48,1109,154,86,1011,196,120,173,17,14,199,29,15,0
2020-04-23,2841,443,330,3035,582,357,735,111,58,755,138,72,786,127,106,813,162,107,400,56,47,318,85,47,793,137,106,962,182,116,127,22,13,187,26,15,0
2020-04-24,2535,462,314,2885,536,347,579,99,62,707,128,68,630,129,93,766,147,104,409,80,47,330,81,47,774,138,98,916,165,113,143,29,14,167,26,15,0
2020-04-25,1595,323,265,2802,498,329,418,80,57,688,120,67,404,95,77,741,138,98,145,42,40,324,75,45,540,92,82,892,151,105,88,23,9,158,25,14,0
2020-04-26,1003,312,245,2611,467,307,196,75,54,640,110,64,332,76,61,698,131,90,98,44,34,313,71,43,331,101,89,815,141,98,46,17,7,145,23,12,0
2020-04-27,2290,370,270,2396,430,294,551,93,54,578,103,60,607,93,86,644,117,89,302,62,30,301,67,40,723,107,91,744,129,94,107,20,9,129,22,11,0
2020-04-28,2726,350,229,2348,396,281,668,88,56,582,95,58,709,92,57,617,107,84,323,57,35,294,62,39,896,106,73,738,119,89,130,16,8,116,21,11,0
2020-04-29,2340,309,237,2190,367,270,557,79,40,529,89,54,682,94,71,593,101,79,285,44,32,280,55,38,692,87,80,678,110,88,124,13,14,109,20,11,0
2020-04-30,2022,253,224,2073,340,255,482,60,45,493,82,53,600,74,65,566,93,73,217,31,35,254,51,36,593,80,68,650,102,83,130,12,11,110,19,10,0
2020-05-01,1887,262,210,1980,311,240,450,73,45,475,78,50,497,66,56,547,84,68,240,33,24,230,45,33,622,82,77,628,94,80,78,13,8,100,16,9,0
2020-05-02,1058,205,190,1904,294,229,263,52,49,452,74,49,263,54,45,527,78,63,138,23,23,229,42,30,333,65,61,599,90,77,61,18,12,97,16,10,0
2020-05-03,787,215,177,1873,281,220,153,44,27,446,70,45,245,58,45,515,76,61,103,33,35,230,40,31,251,70,55,587,85,72,35,13,15,95,15,11,0
2020-05-04,1550,238,158,1767,262,204,349,58,34,417,65,42,461,73,42,494,73,54,214,38,19,217,37,29,437,60,55,546,79,67,89,14,8,92,14,11,0
2020-05-05,1512,212,151,1594,242,192,294,64,26,364,61,38,433,66,49,454,69,53,242,26,18,206,33,27,462,49,46,484,70,63,81,11,12,85,13,11,0
2020-05-06,1398,212,151,1459,228,180,279,56,29,324,58,36,450,62,38,421,65,49,165,28,17,188,30,24,444,55,59,449,66,60,60,15,8,76,14,11,0
2020-05-07,1238,176,141,1347,217,168,298,43,28,298,56,34,403,54,46,393,62,46,119,18,23,174,28,23,358,51,40,415,62,56,60,13,4,66,14,10,0
2020-05-08,1079,169,131,1232,204,157,250,42,22,269,51,31,344,53,43,371,60,44,99,20,13,154,27,21,344,44,48,376,56,52,42,11,5,61,14,9,0
2020-05-09,657,122,99,1174,192,144,175,31,21,257,48,27,119,39,28,351,58,42,75,12,14,145,25,20,256,34,33,365,52,48,32,9,3,57,12,8,0
2020-05-10,457,104,103,1127,176,133,75,24,13,246,45,25,188,36,26,343,55,39,95,22,19,144,23,18,85,18,37,341,44,45,14,5,8,54,11,7,0
2020-05-11,1232,180,104,1082,168,126,227,46,27,228,44,24,410,50,33,335,51,38,192,23,14,141,21,17,376,58,27,332,44,41,27,4,3,45,10,6,0
2020-05-12,1285,111,90,1049,153,117,355,26,19,237,38,23,400,38,33,331,47,35,163,13,14,130,19,16,314,27,18,311,41,37,53,10,6,41,10,5,0
2020-05-13,1333,128,83,1040,141,107,461,27,16,263,34,21,362,47,23,318,45,33,156,18,8,128,18,15,307,27,30,291,37,33,47,12,6,39,9,5,0
2020-05-14,1110,142,70,1022,137,97,255,26,11,257,32,18,333,39,14,308,43,29,149,23,16,133,19,14,331,44,23,288,36,31,42,11,6,37,9,5,0
2020-05-15,873,126,86,992,130,91,180,25,15,247,29,17,260,42,27,296,42,26,135,23,11,138,19,14,265,32,27,276,34,28,33,7,6,35,8,5,0
2020-05-16,485,91,84,968,126,89,108,17,27,237,27,18,165,30,24,303,40,26,51,11,10,134,19,13,136,31,21,259,34,26,25,3,2,34,7,5,0
2020-05-17,360,81,77,954,123,85,56,23,19,235,27,19,138,18,19,295,38,25,50,7,11,128,17,12,106,28,26,262,35,25,10,5,2,34,7,4,0
2020-05-18,895,114,59,906,113,78,187,21,11,229,24,17,265,28,17,275,35,22,130,25,7,119,17,11,275,36,22,248,32,24,38,6,2,35,8,4,0
2020-05-19,1004,115,55,866,114,73,182,28,12,204,24,16,327,38,16,264,35,20,166,19,10,120,18,10,287,26,12,244,32,23,42,6,5,34,7,4,0
2020-05-20,1077,79,79,829,107,73,278,18,15,178,23,16,323,31,21,259,32,20,164,11,12,121,17,11,256,16,24,237,30,22,56,5,7,35,6,4,0
2020-05-21,1069,84,45,823,99,69,199,20,12,170,22,16,336,32,15,259,31,20,145,9,6,120,15,10,311,19,9,234,27,20,78,5,3,40,5,4,0
2020-05-22,1036,101,66,847,95,66,264,25,13,182,22,16,350,34,15,272,30,18,153,14,5,123,14,9,237,26,28,230,26,20,32,4,5,40,5,4,0
2020-05-23,455,75,60,842,93,63,90,18,17,179,22,14,142,24,20,269,29,18,48,9,7,122,13,8,138,21,14,230,25,19,37,4,2,42,5,4,0
2020-05-24,467,87,48,858,94,59,101,19,13,186,21,13,161,22,12,272,30,17,69,21,5,125,15,7,121,20,13,232,23,17,15,5,5,43,5,4,0
2020-05-25,464,78,47,796,88,57,103,26,8,174,22,13,160,19,14,257,29,16,70,11,12,116,13,8,115,20,11,209,21,16,16,3,2,39,5,4,0
2020-05-26,1050,75,38,803,83,55,284,22,10,188,21,13,313,21,12,255,26,16,126,9,6,111,12,8,269,21,9,207,20,15,58,4,1,42,4,4,0
2020-05-27,741,76,48,755,82,50,184,18,9,175,21,12,242,19,10,243,24,14,107,11,9,103,12,7,165,24,18,194,22,15,43,4,2,40,4,3,0
2020-05-28,646,80,38,694,82,49,119,14,12,164,20,12,219,26,12,227,24,14,97,11,3,96,12,7,181,22,10,175,22,15,30,7,1,33,4,3,0
2020-05-29,639,84,43,637,79,46,164,20,6,149,20,11,162,22,16,200,22,14,74,11,5,84,12,7,212,28,14,172,22,13,27,3,2,32,4,2,0
2020-05-30,346,54,52,622,76,45,82,14,13,148,19,10,101,18,10,194,21,12,38,6,12,83,11,7,110,14,16,168,21,13,15,2,1,29,4,2,0
2020-05-31,230,60,39,588,72,44,30,13,6,138,18,9,84,17,11,183,20,12,25,9,4,77,10,7,79,21,16,162,21,13,12,0,2,29,3,2,0
2020-06-01,686,82,35,620,73,42,158,17,3,146,17,8,250,34,10,196,22,12,77,13,3,78,10,6,158,15,16,168,21,14,43,3,3,33,3,2,0
2020-06-02,571,63,37,551,71,42,123,12,8,123,15,8,179,23,6,177,23,11,72,10,7,70,10,6,163,14,15,153,20,15,34,6,1,29,4,2,0
2020-06-03,515,75,43,519,71,41,116,16,11,113,15,8,131,28,13,161,24,11,75,9,7,65,10,6,148,20,9,150,19,14,45,3,3,29,3,2,0
2020-06-04,519,75,33,501,70,40,128,14,4,114,15,7,128,28,10,148,24,11,86,11,8,64,10,7,148,21,9,145,19,14,29,2,2,29,3,2,0
2020-06-05,402,55,28,467,66,38,108,9,9,106,14,8,131,18,6,143,24,9,52,9,7,61,10,7,103,18,5,130,18,12,8,1,1,27,2,2,0
2020-06-06,247,37,34,453,64,36,50,10,12,102,13,8,58,10,11,137,23,10,33,6,1,60,10,5,99,14,10,128,18,11,7,2,0,25,2,2,0
2020-06-07,197,54,25,448,63,34,43,13,7,104,13,8,52,18,6,133,23,9,24,9,1,60,10,5,74,10,10,128,16,11,4,4,1,24,3,2,0
2020-06-08,447,62,40,414,60,34,96,9,10,95,12,9,111,20,13,113,21,9,75,9,2,60,9,5,146,22,15,126,17,10,19,2,0,21,3,1,0
2020-06-09,419,65,31,392,60,33,84,14,6,89,12,8,119,23,6,104,21,9,66,11,8,59,9,5,131,13,9,121,17,10,19,4,2,19,3,1,0
2020-06-10,363,63,32,371,59,32,75,14,9,83,12,8,99,17,11,100,19,9,67,14,1,58,10,4,108,17,9,116,16,10,14,3,2,14,3,1,0
2020-06-11,363,50,21,348,55,30,66,11,6,75,11,8,113,15,4,98,17,8,54,8,2,53,9,3,114,15,8,111,16,9,16,1,1,12,2,1,0
2020-06-12,409,52,23,349,55,29,80,13,5,71,12,8,122,21,6,96,18,8,58,5,3,54,9,3,131,10,9,115,14,10,18,3,0,14,3,1,0
2020-06-13,196,34,15,342,54,27,47,4,5,70,11,7,49,10,4,95,18,7,24,5,3,53,9,3,74,14,2,111,14,9,2,1,1,13,3,1,0
2020-06-14,180,46,23,340,53,26,27,12,7,68,11,7,53,14,6,95,17,7,28,5,2,53,8,3,68,16,6,110,15,8,4,0,2,13,2,1,0
2020-06-15,380,53,20,330,52,24,81,15,5,66,12,6,103,22,4,94,17,6,55,5,3,50,8,3,123,11,6,107,14,7,18,0,2,13,2,1,0
2020-06-16,419,61,16,330,51,21,80,12,2,65,12,6,132,23,5,96,17,6,67,6,2,50,7,2,120,19,7,105,15,7,20,1,0,13,1,1,0
2020-06-17,356,50,20,329,49,20,68,11,2,64,11,5,115,15,6,98,17,5,65,7,3,50,6,3,92,17,9,103,15,7,16,0,0,13,1,1,0
2020-06-18,378,58,17,331,51,19,60,9,1,63,11,4,112,16,4,98,17,5,58,6,4,51,6,3,123,25,6,104,16,6,25,2,2,15,1,1,0
2020-06-19,361,45,15,324,50,18,82,11,3,64,11,4,91,23,3,94,18,5,56,2,4,50,5,3,123,8,3,103,16,6,9,1,2,13,1,1,0
2020-06-20,203,27,17,325,49,18,53,5,5,64,11,4,46,10,3,93,18,4,44,4,2,53,5,3,54,8,5,100,15,6,6,0,2,14,1,1,0
2020-06-21,172,43,23,324,48,18,25,6,6,64,10,3,55,15,6,93,18,4,25,7,3,53,5,3,58,13,7,99,14,6,9,2,1,15,1,1,0
2020-06-22,402,50,17,327,48,18,92,12,1,66,9,3,110,18,5,94,17,5,63,8,1,54,6,3,119,10,8,98,14,6,18,2,2,15,1,1,0
2020-06-23,381,44,19,322,45,18,73,7,6,65,9,3,95,17,5,89,16,5,76,5,4,55,6,3,121,13,4,99,13,6,16,2,0,14,1,1,0
2020-06-24,381,53,18,325,46,18,90,8,2,68,8,3,101,19,6,87,17,5,73,7,2,56,6,3,103,15,7,100,13,6,14,4,1,14,2,1,0
2020-06-25,298,42,15,314,43,18,65,13,4,69,9,4,81,10,4,83,16,5,46,5,2,55,5,3,78,12,4,94,11,5,28,3,1,14,2,1,0
2020-06-26,317,33,17,308,42,18,66,8,3,66,8,4,95,14,3,83,15,5,63,4,6,56,6,3,77,5,4,87,11,6,16,2,1,15,2,1,0
2020-06-27,206,42,12,308,44,17,26,10,1,62,9,3,70,20,7,87,16,5,37,6,2,55,6,3,60,6,1,88,11,5,13,1,1,16,2,1,0
2020-06-28,201,32,11,312,42,16,35,6,3,64,9,3,57,11,1,87,16,4,41,3,3,57,5,3,57,12,4,88,10,5,11,0,0,17,2,1,0
2020-06-29,437,48,16,317,42,15,75,7,3,61,8,3,127,21,4,89,16,4,80,4,1,59,5,3,132,14,5,90,11,4,23,2,3,17,2,1,0
2020-06-30,441,44,11,326,42,14,77,9,2,62,9,3,127,16,2,94,16,4,94,8,2,62,5,3,114,10,5,89,11,4,29,2,0,19,2,1,0
2020-07-01,395,38,9,328,40,13,59,8,1,58,9,2,121,12,3,97,15,3,83,7,1,63,5,2,93,12,3,87,10,4,39,0,1,23,1,1,0
2020-07-02,416,46,17,345,40,13,75,10,1,59,8,2,127,14,3,103,15,3,79,8,8,68,6,3,118,14,2,93,10,3,17,0,3,21,1,1,0
2020-07-03,234,30,11,333,40,12,41,4,5,55,8,2,72,14,3,100,15,3,48,7,0,66,6,2,65,4,3,91,10,3,8,1,0,20,1,1,0
2020-07-04,120,30,5,321,38,11,21,4,1,55,7,2,23,8,3,93,14,3,32,8,0,65,6,2,32,9,0,87,11,3,12,1,1,20,1,1,0
2020-07-05,155,28,8,314,38,11,20,6,4,53,7,2,53,5,1,93,13,3,32,6,2,64,7,2,38,12,1,85,11,3,12,0,0,20,1,1,0
2020-07-06,431,54,6,313,39,10,68,8,2,52,7,2,142,18,2,95,12,2,75,7,1,63,7,2,117,19,1,82,11,2,28,2,0,21,1,1,0
2020-07-07,461,47,6,316,39,9,112,20,1,57,9,2,123,6,2,94,11,2,88,8,2,62,7,2,106,12,1,81,12,2,32,1,0,21,1,1,0
2020-07-08,437,34,14,322,38,10,83,8,3,60,9,2,121,12,3,94,11,2,120,8,2,68,7,2,88,4,4,81,11,2,25,2,2,19,1,1,0
2020-07-09,391,46,6,318,38,8,91,17,1,62,10,2,104,11,4,91,11,3,84,6,1,68,7,1,94,11,0,77,10,1,18,1,0,19,1,0,0
2020-07-10,306,44,5,329,40,7,65,9,3,66,10,2,90,17,1,94,11,2,47,1,0,68,6,1,91,15,1,81,12,1,13,3,0,20,1,0,0
2020-07-11,259,33,8,349,41,8,40,6,1,68,11,2,73,13,2,101,12,2,47,5,2,70,6,1,86,9,3,89,12,2,13,0,0,20,1,0,0
2020-07-12,223,26,4,358,41,7,44,7,0,72,11,2,55,10,2,101,12,2,42,3,0,72,5,1,69,6,2,93,11,2,13,0,0,20,1,0,0
2020-07-13,483,49,14,366,40,8,108,11,5,78,11,2,123,15,1,98,12,2,79,7,4,72,5,2,138,11,4,96,10,2,35,5,0,21,2,0,0
2020-07-14,402,43,10,357,39,9,70,11,2,72,10,2,111,9,4,97,12,2,81,8,1,71,5,1,121,15,3,98,10,2,19,0,0,19,2,0,0
2020-07-15,440,44,12,358,41,8,107,9,2,75,10,2,150,21,2,101,14,2,70,3,1,64,5,1,91,10,7,99,11,3,22,2,0,19,2,0,0
2020-07-16,411,35,6,361,39,8,94,13,1,75,9,2,90,8,1,99,13,2,83,4,1,64,4,1,109,7,3,101,10,3,35,3,0,21,2,0,0
2020-07-17,413,49,10,376,40,9,75,7,1,77,9,2,105,14,0,101,13,2,104,11,2,72,6,2,106,17,7,103,11,4,23,1,0,23,2,0,0
2020-07-18,216,27,9,370,39,9,54,6,1,79,9,2,58,6,4,99,12,2,36,5,2,71,6,2,49,9,2,98,11,4,19,1,0,24,2,0,0
2020-07-19,176,38,7,363,41,10,39,7,1,78,9,2,41,11,3,97,12,2,33,2,3,69,6,2,46,16,0,94,12,4,17,2,0,24,2,0,0
2020-07-20,401,38,8,351,39,9,95,12,1,76,9,1,85,11,4,91,11,3,80,5,2,70,5,2,109,7,1,90,12,3,32,3,0,24,2,0,0
2020-07-21,340,24,6,342,36,8,71,5,2,76,8,1,79,9,3,87,11,2,69,2,0,68,5,2,100,6,1,87,10,3,21,2,0,24,2,0,0
2020-07-22,329,40,6,327,36,7,79,8,2,72,8,1,96,14,1,79,10,2,58,5,0,66,5,1,76,11,3,85,10,2,20,2,0,24,2,0,0
2020-07-23,308,32,7,312,35,8,69,4,0,69,7,1,84,7,3,78,10,3,65,10,0,64,6,1,63,7,4,78,10,3,27,5,0,23,2,0,0
2020-07-24,298,40,5,295,34,7,73,12,1,69,8,1,68,12,2,73,10,3,54,4,0,56,5,1,75,11,1,74,10,2,28,1,1,23,2,0,0
2020-07-25,153,35,11,286,35,7,25,9,6,64,8,2,35,11,2,70,11,3,34,3,1,56,4,1,46,8,2,74,9,2,13,4,0,23,3,0,0
2020-07-26,140,25,7,281,33,7,30,6,1,63,8,2,40,6,4,70,10,3,18,6,0,54,5,0,33,5,2,72,8,2,19,2,0,23,3,0,0
2020-07-27,312,39,3,269,34,6,58,12,1,58,8,2,78,12,1,69,10,2,71,5,1,53,5,0,79,10,0,67,8,2,26,1,0,22,2,0,0
2020-07-28,313,37,12,265,35,7,58,7,5,56,8,2,106,18,1,72,11,2,58,2,2,51,5,1,73,7,4,64,8,2,18,4,0,22,3,0,0
2020-07-29,287,30,5,259,34,7,80,5,1,56,8,2,73,12,1,69,11,2,54,6,1,51,5,1,67,5,1,62,8,2,13,2,1,21,3,0,0
2020-07-30,274,37,4,254,35,7,58,6,1,55,8,2,99,16,2,71,12,2,44,3,1,48,4,1,61,11,0,62,8,1,12,2,0,18,2,0,0
2020-07-31,262,34,3,249,34,6,55,8,1,52,8,2,80,9,1,73,12,2,51,9,0,47,5,1,58,6,1,60,7,1,18,3,0,17,3,0,0
2020-08-01,189,27,6,254,33,6,37,5,2,54,7,2,58,15,3,76,13,2,33,5,0,47,5,1,54,1,1,61,6,1,7,2,0,16,2,0,0
2020-08-02,135,33,2,253,34,5,30,5,0,54,7,2,38,9,2,76,13,2,26,3,0,48,5,1,33,12,0,61,7,1,8,4,0,15,3,0,0
2020-08-03,348,38,2,258,34,5,96,13,1,59,7,2,93,12,0,78,13,1,56,6,0,46,5,1,84,8,1,61,7,1,19,1,0,14,3,0,0
2020-08-04,187,32,4,240,33,4,47,11,1,58,8,1,49,12,1,70,12,1,38,2,1,43,5,0,46,6,1,58,7,1,7,1,0,12,2,0,0
2020-08-05,298,39,6,242,34,4,66,9,1,56,8,1,90,14,0,72,12,1,47,3,2,42,4,1,80,13,3,59,8,1,15,0,0,12,2,0,0
2020-08-06,288,34,5,244,34,4,65,8,1,57,8,1,86,12,2,71,12,1,53,4,1,43,5,1,66,7,1,60,8,1,18,3,0,13,2,0,0
2020-08-07,255,23,2,243,32,4,53,7,0,56,8,1,90,8,0,72,12,1,49,4,0,43,4,1,57,4,2,60,7,1,6,0,0,11,2,0,0
2020-08-08,160,20,4,239,31,4,30,7,0,55,9,1,57,7,1,72,11,1,23,0,3,42,3,1,43,5,0,58,8,1,7,1,0,11,1,0,0
2020-08-09,133,27,3,238,30,4,19,8,1,54,9,1,48,9,0,73,11,1,18,3,0,41,3,1,36,6,2,59,7,1,12,1,0,12,1,0,0
2020-08-10,312,41,5,233,31,4,89,10,1,53,9,1,75,14,1,71,11,1,49,6,1,40,3,1,77,9,2,58,7,2,22,2,0,12,1,0,0
2020-08-11,263,25,4,244,30,4,70,10,0,56,8,1,82,9,1,75,10,1,42,0,2,40,3,1,51,2,1,59,7,2,18,4,0,14,2,0,0
2020-08-12,320,31,1,247,29,3,59,7,1,55,8,1,114,8,0,79,10,1,43,6,0,40,3,1,86,11,0,59,6,1,18,0,0,14,2,0,0
2020-08-13,276,38,3,246,29,3,61,9,1,54,8,1,86,13,2,79,10,1,50,7,0,39,4,1,67,10,0,60,7,1,12,0,0,14,1,0,0
2020-08-14,277,38,3,249,31,3,68,6,1,57,8,1,80,11,0,77,10,1,44,5,1,38,4,1,69,14,0,61,8,1,16,2,1,15,1,0,0
2020-08-15,151,23,4,247,32,3,42,7,2,58,8,1,33,6,1,74,10,1,25,3,1,39,4,1,42,5,0,61,8,1,9,2,0,15,2,0,0
2020-08-16,140,21,5,248,31,4,23,10,2,59,8,1,49,5,1,74,9,1,22,0,0,39,4,1,39,5,2,62,8,1,7,1,0,15,2,0,0
2020-08-17,333,34,5,251,30,4,71,9,0,56,8,1,96,6,1,77,8,1,57,4,1,40,4,1,95,15,2,64,9,1,14,0,1,13,1,0,0
2020-08-18,283,39,1,254,32,3,55,14,1,54,9,1,66,9,0,75,8,1,61,2,0,43,4,0,87,12,0,69,10,1,14,2,0,13,1,0,0
2020-08-19,257,35,1,245,33,3,50,5,0,53,9,1,69,14,1,68,9,1,51,8,0,44,4,0,69,7,0,67,10,1,18,1,0,13,1,0,0
2020-08-20,227,36,7,238,32,4,64,14,3,53,9,1,56,8,3,64,8,1,33,4,0,42,4,0,54,10,1,65,10,1,20,1,0,14,1,0,0
2020-08-21,252,31,3,235,31,4,52,9,0,51,10,1,75,9,0,63,8,1,51,4,0,43,4,0,60,9,3,64,9,1,14,0,0,14,1,0,0
2020-08-22,136,27,6,233,32,4,29,6,0,49,10,1,36,6,2,64,8,1,30,7,1,44,4,0,34,7,2,63,9,1,7,1,1,13,1,0,0
2020-08-23,150,21,3,234,32,4,32,3,2,50,9,1,55,6,0,65,8,1,16,2,1,43,4,0,40,11,0,63,10,1,7,0,0,13,1,0,0
2020-08-24,297,36,8,229,32,4,64,14,5,49,9,2,85,9,1,63,9,1,49,6,1,42,5,0,84,5,0,61,9,1,15,2,1,14,1,0,0
2020-08-25,283,42,4,229,33,5,64,11,2,51,9,2,84,14,2,66,9,1,54,7,0,41,5,0,69,9,0,59,8,1,12,1,0,13,1,0,0
2020-08-26,313,27,6,237,31,5,64,5,1,53,9,2,117,14,0,73,9,1,50,2,2,40,5,1,66,5,3,58,8,1,16,2,0,13,1,0,0
2020-08-27,274,30,1,244,31,4,53,8,1,51,8,2,99,8,0,79,9,1,48,2,0,43,4,1,61,10,0,59,8,1,13,2,0,12,1,0,0
2020-08-28,280,22,5,248,29,5,77,4,3,55,7,2,78,9,0,79,9,1,52,1,1,43,4,1,52,7,1,58,8,1,21,1,0,13,1,0,0
2020-08-29,128,22,2,246,29,4,28,7,1,55,7,2,38,9,1,79,10,1,23,2,0,42,3,1,32,4,0,58,7,1,7,1,0,13,1,0,0
2020-08-30,186,20,4,252,28,4,20,2,2,53,7,2,62,5,1,80,10,1,37,3,0,45,3,1,42,6,1,58,7,1,25,4,0,16,2,0,0
2020-08-31,315,42,1,254,29,3,46,9,1,50,7,2,118,14,0,85,10,1,52,6,0,45,3,0,77,12,0,57,8,1,22,1,0,17,2,0,0
2020-09-01,294,20,3,256,26,3,52,5,1,49,6,1,89,8,0,86,10,0,55,1,0,45,2,0,73,5,1,58,7,1,24,1,1,18,2,0,0
2020-09-02,271,27,4,250,26,3,42,4,0,45,6,1,94,13,2,83,9,1,48,1,1,45,2,0,69,10,1,58,8,1,17,0,0,18,1,0,0
2020-09-03,273,18,5,250,24,3,40,2,2,44,5,1,91,7,2,81,9,1,35,1,0,43,2,0,90,7,1,62,7,1,17,1,0,19,1,0,0
2020-09-04,230,32,5,242,26,3,44,10,1,39,6,1,71,8,1,80,9,1,30,2,1,40,2,0,59,10,2,63,8,1,26,2,0,20,1,0,0
2020-09-05,156,22,3,246,26,4,30,5,0,39,5,1,46,10,3,82,9,1,22,2,0,40,2,0,34,5,0,63,8,1,24,0,0,22,1,0,0
2020-09-06,207,31,7,249,27,4,18,4,2,39,6,1,87,15,2,85,11,1,27,3,1,38,2,0,62,8,2,66,8,1,13,1,0,20,1,0,0
2020-09-07,218,20,1,236,24,4,32,3,0,37,5,1,75,7,0,79,10,1,40,2,0,37,2,0,52,6,1,63,7,1,19,2,0,20,1,0,0
2020-09-08,393,26,2,250,25,4,81,8,1,41,5,1,126,8,1,84,10,2,58,3,0,37,2,0,98,6,0,66,7,1,30,1,0,21,1,0,0
2020-09-09,353,32,2,261,26,4,56,6,1,43,5,1,119,11,0,88,9,1,71,3,0,40,2,0,82,11,1,68,8,1,25,1,0,22,1,0,0
2020-09-10,323,25,3,269,27,3,45,2,1,44,5,1,124,9,1,93,10,1,57,4,0,44,3,0,70,7,1,65,8,1,27,3,0,23,1,0,0
2020-09-11,313,32,4,280,27,3,55,9,2,45,5,1,111,9,2,98,10,1,54,6,0,47,3,0,77,7,0,68,7,1,16,2,0,22,1,0,0
2020-09-12,202,11,4,287,25,3,35,2,1,46,5,1,51,3,0,99,9,1,36,1,0,49,3,0,61,4,3,72,7,1,19,1,0,21,2,0,0
2020-09-13,263,17,3,295,23,3,19,2,0,46,5,1,118,8,2,103,8,1,45,1,0,52,3,0,68,5,1,73,7,1,13,1,0,21,2,0,0
2020-09-14,462,32,5,330,25,3,75,4,1,52,5,1,178,15,2,118,9,1,78,6,0,57,3,0,105,5,2,80,6,1,26,2,0,22,2,0,0
2020-09-15,415,30,3,333,26,3,62,11,2,50,5,1,190,6,0,127,9,1,64,4,0,58,4,0,81,8,1,78,7,1,18,1,0,21,2,0,0
2020-09-16,457,45,6,348,27,4,60,7,1,50,5,1,201,24,0,139,11,1,84,4,1,60,4,0,94,9,3,79,6,2,18,1,1,20,2,0,0
2020-09-17,441,34,4,365,29,4,61,11,1,52,7,1,163,13,1,145,11,1,88,4,0,64,4,0,104,5,2,84,6,2,25,2,0,19,1,0,0
2020-09-18,292,35,3,362,29,4,45,10,1,51,7,1,108,14,2,144,12,1,46,5,0,63,4,0,69,7,0,83,6,2,24,0,0,20,1,0,0
2020-09-19,216,21,5,364,31,4,30,3,1,50,7,1,65,6,2,146,12,1,47,4,1,65,4,0,60,7,1,83,7,1,13,1,0,20,1,0,0
2020-09-20,221,21,5,358,31,4,32,8,0,52,8,1,78,6,3,140,12,1,47,3,1,65,4,0,43,3,1,79,6,1,21,1,0,21,1,0,0
2020-09-21,559,28,3,372,31,4,73,8,1,52,8,1,264,12,1,153,12,1,76,0,1,65,3,1,122,6,0,82,6,1,24,2,0,20,1,0,0
2020-09-22,498,33,3,383,31,4,68,7,0,53,8,1,209,12,3,155,12,2,88,2,0,68,3,1,107,12,0,86,7,1,26,0,0,22,1,0,0
2020-09-23,614,38,4,406,30,4,89,5,1,57,7,1,272,24,1,166,12,2,100,2,1,70,3,1,116,7,0,89,7,1,37,0,1,24,1,0,0
2020-09-24,543,41,3,420,31,4,71,7,0,58,7,1,263,15,1,180,13,2,83,6,2,70,3,1,100,11,0,88,8,0,26,3,0,24,1,0,0
2020-09-25,462,46,4,445,33,4,49,8,2,59,7,1,193,20,0,192,14,2,68,6,1,73,3,1,124,11,1,96,8,0,28,1,0,25,1,0,0
2020-09-26,280,27,5,454,33,4,42,5,3,61,7,1,109,8,1,198,14,1,35,3,0,71,3,1,61,9,1,96,8,0,33,2,0,28,1,0,0
2020-09-27,382,35,2,477,35,3,32,5,0,61,6,1,181,18,2,213,16,1,35,2,0,69,3,1,106,8,0,105,9,0,28,3,0,29,2,0,0
2020-09-28,436,38,3,459,37,3,82,7,1,62,6,1,139,12,1,195,16,1,58,3,0,67,3,1,109,14,1,103,10,0,47,2,0,32,2,0,0
2020-09-29,723,50,7,491,39,4,65,7,3,61,6,1,355,18,2,216,16,1,95,9,0,68,4,1,175,13,2,113,10,1,33,3,0,33,2,0,0
2020-09-30,605,51,8,490,41,5,52,2,3,56,6,2,284,33,4,218,18,2,93,8,1,67,5,1,135,9,0,116,11,1,41,0,0,34,2,0,0
2020-10-01,705,41,5,513,41,5,82,7,0,58,6,2,332,22,1,228,19,2,120,5,0,72,5,0,145,6,4,122,10,1,26,1,0,34,2,0,0
2020-10-02,604,49,3,534,42,5,80,5,0,62,5,1,270,26,1,239,20,2,78,4,0,73,5,0,140,13,2,124,10,1,36,2,0,35,2,0,0
2020-10-03,301,24,5,537,41,5,34,1,1,61,5,1,95,11,1,237,20,2,57,4,0,77,5,0,98,5,2,130,10,2,17,3,1,33,2,0,0
2020-10-04,335,44,7,530,42,5,34,4,0,61,5,1,162,22,3,234,21,2,29,4,0,76,5,0,84,11,3,127,10,2,26,4,1,32,2,0,0
2020-10-05,765,56,0,577,45,5,94,10,0,63,5,1,354,25,0,265,22,2,84,2,0,79,5,0,196,17,0,139,11,2,37,2,0,31,2,0,0
2020-10-06,571,47,3,555,45,4,67,5,0,63,5,1,251,23,2,250,23,2,79,8,0,77,5,0,145,11,1,135,10,2,29,1,0,30,2,0,0
2020-10-07,542,45,4,546,44,4,75,9,1,67,6,0,223,22,1,241,22,1,75,5,1,75,5,0,132,10,1,134,10,2,37,0,0,30,2,0,0
2020-10-08,525,46,6,520,44,4,83,8,1,67,6,0,217,19,3,225,21,2,80,7,0,69,5,0,112,8,2,130,11,2,33,4,0,31,2,0,0
2020-10-09,524,54,2,509,45,4,92,6,1,68,6,1,184,29,0,212,22,1,74,4,0,68,5,0,143,13,1,130,11,1,31,3,0,30,2,0,0
2020-10-10,315,37,4,511,47,4,36,3,1,69,6,1,97,18,0,213,23,1,46,5,0,67,5,0,99,6,2,130,11,1,36,5,1,33,3,0,0
2020-10-11,281,47,7,503,47,4,38,12,2,69,8,1,115,18,2,206,22,1,29,5,2,67,5,0,85,11,1,130,11,1,14,1,0,31,2,0,0
2020-10-12,515,51,8,468,47,5,53,3,1,63,7,1,223,29,1,187,23,1,85,7,4,67,6,1,116,13,1,119,10,1,37,0,1,31,2,0,0
2020-10-13,589,49,5,470,47,5,91,9,0,67,7,1,225,18,3,183,22,1,100,2,0,70,5,1,128,16,2,116,11,1,45,5,0,33,3,0,0
2020-10-14,583,58,6,476,49,5,89,4,2,69,6,1,215,23,3,182,22,2,86,6,0,71,5,1,159,20,1,120,12,1,33,5,0,33,3,0,0
2020-10-15,604,74,8,487,53,6,92,13,1,70,7,1,238,33,2,185,24,2,90,5,2,73,5,1,144,20,3,125,14,2,40,3,0,34,3,0,0
2020-10-16,503,49,7,484,52,6,78,9,1,68,8,1,163,19,3,182,23,2,91,5,2,75,5,1,132,12,1,123,14,2,38,4,0,35,3,0,0
2020-10-17,366,34,5,492,52,7,64,7,1,72,8,1,91,8,3,181,21,2,61,4,0,77,5,1,110,9,1,125,14,1,39,6,0,35,3,0,0
2020-10-18,412,40,4,510,51,6,45,5,2,73,7,1,172,17,1,190,21,2,39,4,0,79,5,1,123,11,0,130,14,1,33,3,1,38,4,0,0
2020-10-19,626,68,7,526,53,6,107,10,0,81,8,1,204,26,6,187,21,3,101,11,0,81,5,1,178,18,0,139,15,1,36,4,1,38,4,0,0
2020-10-20,601,71,5,528,56,6,91,9,0,81,8,1,214,31,2,185,22,3,104,9,0,82,6,1,154,20,3,143,16,1,38,4,0,37,4,0,0
2020-10-21,653,52,5,538,55,6,96,10,0,82,9,1,203,18,3,184,22,3,118,4,1,86,6,1,187,12,0,147,15,1,49,8,1,39,5,0,0
2020-10-22,759,53,3,560,52,5,122,9,0,86,8,1,242,14,2,184,19,3,137,10,0,93,7,0,182,16,1,152,14,1,76,4,0,44,5,0,0
2020-10-23,601,59,5,574,54,5,115,9,1,91,8,1,199,23,1,189,20,3,78,6,1,91,7,0,161,18,1,156,15,1,48,3,1,46,5,1,0
2020-10-24,386,46,1,577,56,4,73,8,0,93,9,0,120,23,0,193,22,2,58,5,0,91,7,0,103,6,1,155,14,1,32,4,0,45,4,1,0
2020-10-25,361,44,9,570,56,5,66,8,2,96,9,0,128,23,3,187,23,2,48,3,2,92,7,1,87,7,1,150,14,1,32,3,1,44,4,1,0
2020-10-26,695,55,4,579,54,5,132,9,0,99,9,0,221,13,2,190,21,2,118,7,1,94,6,1,154,22,1,147,14,1,69,5,0,49,4,0,0
2020-10-27,741,46,8,599,51,5,119,8,3,103,9,1,237,25,3,193,20,2,128,4,1,98,6,1,180,6,1,151,12,1,76,3,0,55,4,0,0
2020-10-28,783,44,4,618,50,5,124,8,0,107,8,1,231,16,3,197,20,2,135,4,0,100,6,1,203,14,0,153,13,1,90,3,1,60,4,0,0
2020-10-29,621,59,4,598,50,5,100,11,0,104,9,1,192,22,2,190,21,2,117,9,1,97,5,1,156,12,1,149,12,1,56,5,0,58,4,0,0
2020-10-30,653,58,10,606,50,6,115,12,1,104,9,1,191,15,4,189,20,2,102,6,2,101,5,1,168,20,1,150,12,1,77,6,2,62,4,1,0
2020-10-31,403,47,4,608,50,6,65,7,0,103,9,1,117,18,2,188,19,3,52,5,0,100,5,1,117,13,2,152,13,1,52,5,0,65,4,1,0
2020-11-01,501,53,12,628,52,7,57,8,0,102,9,1,231,18,9,203,18,4,66,10,0,103,6,1,102,11,2,154,14,1,45,8,1,66,5,1,0
2020-11-02,953,62,10,665,53,7,159,14,1,106,10,1,337,20,7,219,19,4,144,8,1,106,7,1,220,18,1,164,13,1,93,3,0,70,5,1,0
2020-11-03,903,75,12,688,57,8,153,11,2,110,10,1,319,28,6,231,20,5,158,13,2,111,8,1,181,18,2,164,15,1,92,5,0,72,5,1,0
2020-11-04,1112,66,9,735,60,9,187,13,0,119,11,1,311,26,7,243,21,5,199,10,0,120,9,1,277,12,1,174,15,1,138,6,1,79,5,1,0
2020-11-05,1139,82,9,809,63,9,198,14,3,133,11,1,312,25,4,260,21,6,212,14,0,133,9,1,306,20,2,196,16,2,111,9,0,87,6,1,0
2020-11-06,1036,63,10,864,64,9,191,9,4,144,11,1,238,20,2,266,22,5,179,14,0,144,11,0,297,20,3,214,16,2,131,1,1,95,5,0,0
2020-11-07,845,58,13,927,66,11,134,16,1,154,12,2,224,10,5,282,21,6,148,6,2,158,11,1,250,23,4,233,17,2,89,3,1,100,5,1,0
2020-11-08,788,63,8,968,67,10,106,11,2,161,13,2,224,18,3,281,21,5,133,7,0,168,10,1,226,17,2,251,18,2,99,11,1,108,5,1,0
2020-11-09,1546,78,5,1053,69,9,240,18,0,173,13,2,418,28,1,292,22,4,268,8,0,185,10,1,418,21,4,279,19,3,202,5,0,123,6,1,0
2020-11-10,1598,87,8,1152,71,9,274,19,3,190,14,2,459,30,2,312,22,3,311,9,2,207,10,1,408,22,1,312,19,2,146,9,0,131,6,1,0
2020-11-11,1540,97,9,1213,75,9,239,23,1,197,16,2,393,11,2,324,20,3,290,17,3,220,11,1,449,29,2,336,22,3,169,18,1,135,8,1,0
2020-11-12,1501,79,16,1265,75,10,248,20,4,205,17,2,383,21,6,334,20,3,300,11,2,233,10,1,406,19,2,351,22,3,164,10,2,143,8,1,0
2020-11-13,1494,90,6,1330,79,9,272,20,1,216,18,2,356,30,2,351,21,3,263,9,1,245,10,1,430,20,1,370,22,2,173,12,1,149,10,1,0
2020-11-14,1026,97,9,1356,84,9,193,25,1,225,19,2,238,29,5,353,24,3,160,11,1,246,10,1,324,23,1,380,22,2,111,11,1,152,11,1,0
2020-11-15,896,88,14,1372,88,10,135,14,2,229,20,2,232,24,6,354,25,3,134,13,1,247,11,1,243,28,1,383,23,2,152,12,4,160,11,1,0
2020-11-16,1832,122,9,1412,94,10,314,24,1,239,21,2,496,33,1,365,25,3,332,15,4,256,12,2,503,44,1,395,26,1,187,9,2,157,12,2,0
2020-11-17,1729,101,10,1431,96,10,337,21,1,248,21,2,492,29,3,370,25,4,288,13,0,252,13,2,422,31,4,397,28,2,190,8,2,164,11,2,0
2020-11-18,1753,117,10,1462,99,11,307,24,0,258,21,1,468,38,4,381,29,4,336,13,0,259,12,1,444,30,4,396,28,2,198,13,2,168,11,2,0
2020-11-19,1857,131,9,1512,107,10,362,22,1,274,21,1,491,37,6,396,31,4,347,15,1,266,13,1,457,38,1,403,31,2,200,20,0,173,12,2,0
2020-11-20,1773,131,7,1552,112,10,328,24,2,282,22,1,435,37,2,407,32,4,328,18,0,275,14,1,458,36,2,407,33,2,224,17,1,180,13,2,0
2020-11-21,1290,119,11,1590,116,10,254,18,1,291,21,1,354,27,3,424,32,4,196,14,3,280,14,1,325,41,0,407,35,2,161,20,4,187,14,2,0
2020-11-22,1148,114,10,1626,119,9,183,15,4,298,21,1,340,39,1,439,34,3,159,14,0,284,15,1,287,30,4,414,36,2,178,19,1,191,15,2,0
2020-11-23,2317,147,14,1695,123,10,437,34,0,315,23,1,574,37,8,451,35,4,412,16,1,295,15,1,605,39,4,428,35,3,289,25,1,206,17,2,0
2020-11-24,2072,129,16,1744,127,11,375,19,2,321,22,1,553,38,2,459,36,4,371,13,5,307,15,1,535,42,4,444,37,3,238,18,3,213,19,2,0
2020-11-25,2370,139,13,1832,130,11,425,25,2,338,22,2,632,43,4,483,37,4,383,12,2,314,15,2,635,42,1,472,38,2,295,20,4,226,20,2,0
2020-11-26,816,153,7,1684,133,11,137,26,1,306,23,2,246,40,3,448,37,3,138,27,1,284,16,2,203,43,0,435,39,2,92,19,2,211,20,2,0
2020-11-27,2297,156,15,1759,137,12,387,24,1,314,23,2,603,44,3,472,38,3,385,25,2,292,17,2,649,38,4,463,39,2,273,27,5,218,21,3,0
2020-11-28,1836,124,14,1837,137,13,333,21,4,325,23,2,454,31,3,486,39,3,327,19,4,311,18,2,507,42,2,489,39,3,215,12,1,226,20,2,0
2020-11-29,1887,164,15,1942,145,13,243,31,3,334,26,2,560,43,3,517,39,4,299,19,1,331,19,2,505,48,4,520,42,3,280,24,4,240,21,3,0
2020-11-30,2895,187,18,2025,150,14,460,41,5,337,27,3,900,41,4,564,40,3,422,33,1,332,21,2,735,61,6,538,45,3,378,14,2,253,19,3,0
2020-12-01,3300,203,20,2200,161,15,589,44,1,368,30,2,945,47,3,620,41,3,545,21,2,357,22,2,858,66,5,585,49,3,363,25,9,271,20,4,0
2020-12-02,3129,169,27,2309,165,17,541,26,5,384,30,3,860,48,10,653,42,4,501,23,2,374,24,2,843,51,6,614,50,4,384,23,4,284,21,4,0
2020-12-03,2938,207,18,2612,173,18,523,47,0,439,33,3,844,50,4,738,43,4,453,19,7,419,23,3,781,57,4,697,52,4,337,36,3,319,23,4,0
2020-12-04,2815,179,26,2686,176,20,562,36,5,464,35,3,768,57,6,762,45,5,400,22,2,421,22,3,757,42,7,712,52,5,328,23,6,326,22,4,0
2020-12-05,1887,176,23,2693,184,21,325,32,3,463,37,3,506,42,6,769,47,5,210,27,2,404,23,2,597,58,8,725,55,6,249,20,4,331,24,5,0
2020-12-06,1754,175,21,2674,185,22,250,37,2,464,38,3,556,50,4,768,48,5,216,19,2,392,23,3,516,47,11,727,55,7,216,22,2,322,23,4,0
2020-12-07,3302,221,19,2732,190,22,554,46,2,478,38,3,963,58,7,777,50,6,449,28,2,396,23,3,966,61,6,760,55,7,370,32,2,321,26,4,0
2020-12-08,3059,221,22,2698,193,22,496,42,4,464,38,3,922,68,8,774,53,6,450,35,1,383,25,3,900,57,5,766,53,7,291,22,4,311,25,4,0
2020-12-09,3105,274,27,2694,208,22,528,59,4,463,43,3,912,78,9,782,58,6,496,46,2,382,28,3,851,63,7,767,55,7,318,37,5,301,27,4,0
2020-12-10,3149,241,25,2724,212,23,572,44,7,470,42,4,939,70,2,795,60,6,463,28,5,383,29,2,897,73,9,783,57,8,277,27,2,293,26,4,0
2020-12-11,2978,247,30,2748,222,24,501,58,3,461,45,4,836,63,8,805,61,6,494,32,2,397,31,2,879,71,10,801,61,8,266,23,7,284,26,4,0
2020-12-12,2206,206,34,2793,226,25,392,39,5,470,46,4,600,57,9,818,63,7,297,29,3,409,31,2,699,60,9,815,62,8,218,23,8,279,27,4,0
2020-12-13,2176,225,26,2854,234,26,311,41,4,479,47,4,645,57,5,831,64,7,296,33,7,421,33,3,676,78,4,838,66,7,248,19,6,284,26,5,0
2020-12-14,3577,259,30,2893,239,28,614,52,4,488,48,4,1109,76,6,852,67,7,499,36,3,428,34,3,1004,80,13,844,69,8,350,19,4,281,24,5,0
2020-12-15,3680,232,32,2982,241,29,634,41,2,507,48,4,1065,75,11,872,68,7,550,41,4,442,35,4,1092,62,9,871,70,9,339,17,6,288,24,5,0
2020-12-16,2784,212,39,2936,232,31,445,47,8,496,46,5,842,66,15,862,66,8,453,22,3,436,32,4,808,65,9,865,70,9,236,13,4,276,20,5,0
2020-12-17,1924,226,35,2761,230,32,266,48,7,452,47,5,648,69,7,821,66,9,337,30,6,418,32,4,487,64,10,806,69,9,186,20,5,263,19,6,0
2020-12-18,3428,273,39,2825,233,34,620,68,7,469,48,5,1025,80,13,848,69,9,520,37,3,422,33,4,928,71,12,813,69,9,335,20,4,273,19,5,0
2020-12-19,2557,236,31,2875,238,33,405,47,6,471,49,5,764,65,9,871,70,9,330,32,4,426,33,4,798,74,8,828,71,9,260,19,4,279,18,5,0
2020-12-20,2348,239,29,2900,240,34,292,42,4,468,49,5,768,79,5,889,73,9,295,32,7,426,33,4,700,67,6,831,69,10,293,22,7,286,19,5,0
2020-12-21,4336,326,41,3008,249,35,714,65,5,482,51,6,1307,94,7,917,75,10,599,58,10,441,36,5,1287,93,16,871,71,10,429,20,3,297,19,5,0
2020-12-22,4098,283,53,3068,256,38,731,54,8,496,53,6,1252,87,16,944,77,10,547,50,7,440,37,6,1204,72,12,887,72,10,364,23,10,300,20,5,0
2020-12-23,3844,300,39,3219,269,38,636,49,7,523,53,6,1099,112,13,980,84,10,524,45,7,450,41,6,1186,76,7,941,74,10,399,23,5,324,21,5,0
2020-12-24,3015,273,39,3375,276,39,503,49,6,557,53,6,965,94,9,1026,87,10,433,37,5,464,42,6,873,81,15,997,76,11,241,13,4,332,20,5,0
2020-12-25,1046,265,39,3035,275,39,154,43,6,491,50,6,344,84,12,928,88,10,153,51,6,412,44,7,299,76,8,907,77,10,96,13,7,297,19,6,0
2020-12-26,3454,266,37,3163,279,40,537,45,8,510,50,6,1024,88,9,966,91,10,427,35,7,425,44,7,1072,79,11,946,78,11,393,21,2,316,19,5,0
2020-12-27,2887,244,44,3240,280,42,479,36,4,536,49,6,914,89,16,986,93,12,314,32,9,428,44,7,868,69,6,970,78,11,312,19,9,319,19,6,0
2020-12-28,5389,346,43,3390,282,42,1020,68,8,580,49,7,1600,103,13,1028,94,13,677,55,4,439,44,6,1530,107,11,1005,80,10,562,20,7,338,19,6,0
2020-12-29,5205,318,50,3549,287,42,992,63,9,617,50,7,1414,83,15,1051,93,12,612,57,8,449,45,7,1603,98,9,1062,84,10,584,19,9,370,18,6,0
2020-12-30,4984,313,40,3711,289,42,967,69,4,665,53,6,1397,94,16,1094,91,13,661,41,5,468,44,6,1493,93,11,1105,86,10,465,18,4,379,18,6,0
2020-12-31,3392,280,41,3765,290,42,665,55,4,688,54,6,936,88,21,1090,90,15,396,41,3,463,45,6,1009,81,10,1125,86,9,386,20,3,400,19,6,0
2021-01-01,1336,302,36,3807,296,42,206,63,9,695,57,7,413,84,17,1100,90,15,163,36,2,464,42,5,432,94,5,1144,89,9,122,27,3,403,21,5,0
2021-01-02,4189,321,57,3912,303,44,722,56,13,722,59,7,1105,90,18,1111,90,17,516,49,5,477,44,5,1335,100,13,1181,92,9,510,27,8,420,21,6,0
2021-01-03,3454,298,38,3993,311,44,510,54,8,726,61,8,1058,93,11,1132,91,16,397,38,5,489,45,5,1089,104,9,1213,97,10,400,15,5,433,21,6,0
2021-01-04,6593,403,61,4165,319,46,1255,65,9,760,61,8,1894,134,24,1174,95,17,915,63,6,523,46,5,1872,115,14,1262,98,10,657,29,8,446,22,6,0
2021-01-05,6151,347,65,4300,323,48,1165,72,12,784,62,8,1756,98,21,1223,97,18,892,53,9,563,46,5,1820,103,18,1293,99,11,518,24,5,437,23,5,0
2021-01-06,5676,376,59,4399,332,51,1109,71,12,805,62,10,1605,110,19,1252,100,19,758,44,2,577,46,5,1679,123,20,1319,103,13,524,31,6,445,25,5,0
2021-01-07,5433,361,52,4690,344,53,983,65,4,850,64,10,1639,112,18,1353,103,18,790,35,13,633,45,6,1569,122,10,1399,109,13,452,28,7,455,26,6,0
2021-01-08,5294,352,61,5256,351,56,984,64,10,961,64,10,1453,111,14,1501,107,18,778,34,10,721,45,7,1598,119,19,1566,112,15,481,26,8,506,26,7,0
2021-01-09,3689,325,72,5184,352,58,677,62,16,955,65,10,1006,89,21,1487,107,18,447,36,11,711,43,8,1188,112,19,1545,114,16,371,29,5,486,26,6,0
2021-01-10,3199,305,52,5148,353,60,463,53,9,948,65,10,1005,84,17,1480,105,19,367,48,3,707,45,8,1020,98,19,1535,113,17,344,27,4,478,28,6,0
2021-01-11,5909,401,58,5050,352,60,1139,88,8,931,68,10,1754,125,12,1460,104,17,845,56,6,697,44,8,1700,110,30,1511,112,19,469,28,2,451,28,5,0
2021-01-12,5232,389,74,4919,358,61,997,91,9,907,71,10,1614,119,30,1439,107,19,671,50,9,665,43,8,1535,104,21,1470,113,20,415,29,5,437,28,5,0
2021-01-13,5172,428,67,4847,366,62,1043,97,4,898,74,9,1534,126,22,1429,109,19,695,60,7,656,46,8,1522,114,28,1447,111,21,378,33,6,416,29,5,0
2021-01-14,5258,434,65,4822,376,64,995,79,6,900,76,9,1558,137,22,1418,113,20,748,63,7,650,50,8,1538,122,25,1443,111,23,419,35,5,411,30,5,0
2021-01-15,4839,392,63,4757,382,64,933,74,13,892,78,9,1400,128,10,1410,115,19,662,49,12,634,52,8,1488,113,19,1427,110,23,355,32,9,393,30,5,0
2021-01-16,3479,367,66,4727,388,64,607,69,12,882,79,9,1074,102,20,1420,117,19,443,54,5,633,54,7,1058,122,27,1409,112,24,297,25,2,382,30,5,0
2021-01-17,2918,334,56,4687,392,64,501,72,8,888,81,9,903,100,24,1405,120,20,396,55,6,637,55,7,862,87,16,1386,110,24,256,23,2,370,29,4,0
2021-01-18,4641,439,73,4506,398,66,768,98,17,835,83,10,1462,139,22,1364,122,21,599,55,8,602,55,8,1433,119,20,1348,112,22,379,33,6,357,30,5,0
2021-01-19,5142,385,82,4493,397,67,1085,73,12,847,80,10,1475,115,28,1344,121,21,724,64,11,610,57,8,1521,114,25,1346,113,23,337,24,6,346,29,5,0
2021-01-20,4905,364,74,4455,388,68,1038,86,6,847,79,11,1352,96,27,1318,117,22,725,51,9,614,56,8,1438,116,25,1334,113,22,352,18,7,342,27,5,0
2021-01-21,4937,416,63,4409,385,68,961,89,11,842,80,11,1404,118,20,1296,114,22,722,65,12,610,56,9,1500,121,16,1329,113,21,350,25,4,332,26,5,0
2021-01-22,4711,431,80,4390,391,71,1061,100,12,860,84,11,1322,126,31,1285,114,25,705,58,9,616,57,9,1291,122,24,1300,114,22,330,29,4,329,25,4,0
2021-01-23,3275,322,78,4361,384,72,664,76,12,868,85,11,908,92,28,1261,112,26,462,53,9,619,57,9,996,82,19,1292,109,21,245,21,10,321,25,6,0
2021-01-24,2855,336,67,4352,385,74,491,77,9,867,86,11,891,99,20,1259,112,25,381,50,9,617,57,10,914,92,23,1299,109,22,178,20,6,310,24,6,0
2021-01-25,5660,402,65,4498,379,73,1152,102,10,922,86,10,1715,107,19,1295,108,25,813,64,12,647,58,10,1622,112,17,1326,108,21,357,18,7,307,22,6,0
2021-01-26,4698,367,78,4434,377,72,991,84,9,908,88,10,1372,97,30,1281,105,25,686,53,12,642,56,10,1368,119,25,1304,109,21,281,21,2,299,22,6,0
2021-01-27,4780,419,90,4417,385,74,962,88,11,897,88,11,1453,130,30,1295,110,25,706,57,23,639,57,12,1380,123,21,1296,110,21,279,26,5,289,23,5,0
2021-01-28,4674,391,86,4379,381,78,957,106,20,897,90,12,1410,113,16,1296,109,25,691,52,16,635,55,13,1347,105,27,1274,108,22,268,16,7,277,22,6,0
2021-01-29,3668,401,88,4230,377,79,733,84,19,850,88,13,1099,120,26,1264,108,24,529,70,9,610,57,13,1073,113,28,1243,107,23,234,16,6,263,20,6,0
2021-01-30,2857,266,79,4170,369,79,557,59,14,835,86,13,864,74,27,1258,106,24,356,47,9,595,56,13,916,73,25,1231,105,24,163,18,4,251,19,5,0
2021-01-31,2892,304,74,4176,364,80,547,63,7,843,84,13,883,97,27,1257,105,25,332,39,10,588,55,13,912,90,24,1231,105,24,218,16,6,257,19,5,0
2021-02-01,975,288,65,3506,348,80,169,84,13,702,81,13,344,84,22,1061,102,25,185,41,5,498,51,12,233,70,22,1033,99,25,44,13,3,212,18,5,0
2021-02-02,2660,404,77,3215,353,80,435,91,13,623,82,14,872,142,30,989,109,25,442,60,7,463,52,11,769,97,21,947,96,24,142,18,6,193,18,5,0
2021-02-03,5143,442,75,3267,357,78,1093,99,15,642,84,14,1504,149,19,997,111,24,822,71,13,480,54,10,1403,107,21,950,94,24,321,18,7,199,16,6,0
2021-02-04,4855,431,90,3293,362,78,1069,87,20,658,81,14,1389,143,26,994,116,25,704,74,15,481,57,10,1408,121,26,959,96,24,285,14,3,201,16,5,0
2021-02-05,4158,441,82,3363,368,77,953,102,14,689,84,14,1244,138,32,1014,118,26,539,69,12,483,57,10,1180,114,20,974,96,23,242,20,4,202,17,5,0
2021-02-06,3079,364,76,3395,382,77,718,82,12,712,87,13,900,97,26,1019,121,26,389,67,9,488,60,10,892,97,22,971,99,22,180,22,7,205,17,5,0
2021-02-07,1647,311,78,3217,383,78,324,84,20,680,90,15,567,104,18,974,122,25,203,39,15,469,60,11,453,75,22,905,97,22,100,10,3,188,16,5,0
2021-02-08,4431,393,82,3710,398,80,972,98,19,795,92,16,1345,127,24,1117,129,25,609,60,16,530,63,12,1238,93,18,1049,101,21,267,19,5,220,17,5,0
2021-02-09,3730,396,71,3863,397,79,874,96,10,858,93,16,1089,108,25,1148,124,24,517,57,12,540,62,13,1005,112,21,1083,103,21,245,26,3,234,18,5,0
2021-02-10,3778,363,79,3668,386,80,868,85,21,825,91,17,1060,119,21,1085,119,25,569,45,9,504,59,13,1008,94,23,1026,101,22,273,22,5,227,19,4,0
2021-02-11,3411,321,96,3462,370,81,724,67,22,776,88,17,931,111,30,1019,115,25,549,51,13,482,55,12,978,85,26,965,96,22,228,15,5,219,19,5,0
2021-02-12,3315,345,82,3342,356,81,727,79,13,744,84,17,934,107,26,975,110,24,494,48,10,476,52,12,928,89,27,929,92,23,231,24,6,218,20,5,0
2021-02-13,2204,280,82,3217,344,81,420,70,14,701,83,17,670,74,25,942,107,24,276,42,13,460,49,13,703,88,25,902,91,23,135,9,5,211,18,5,0
2021-02-14,1897,248,80,3252,335,82,371,59,13,708,79,16,587,85,29,945,104,26,245,34,16,466,48,13,580,58,19,920,88,23,114,14,3,213,18,5,0
2021-02-15,2860,323,83,3028,325,82,527,71,15,644,75,15,860,97,28,876,100,26,366,49,14,431,47,12,872,90,22,868,88,23,234,16,4,209,18,4,0
2021-02-16,3725,352,85,3027,319,84,789,80,17,632,73,16,1111,118,33,879,102,27,611,53,6,444,46,12,1024,93,26,870,85,24,190,12,3,201,16,4,0
2021-02-17,3438,292,81,2979,309,84,772,64,25,619,70,17,1007,101,23,871,99,28,542,42,5,440,46,11,921,81,25,858,83,24,196,8,3,190,14,4,0
2021-02-18,2048,262,54,2784,300,78,383,53,8,570,68,15,591,79,20,823,94,26,411,38,8,421,44,10,553,82,16,797,83,23,110,10,2,173,13,4,0
2021-02-19,3018,306,57,2741,295,75,618,73,9,554,67,14,855,84,17,812,91,25,461,43,11,416,43,10,856,94,20,787,84,22,228,14,0,172,12,3,0
2021-02-20,2494,298,69,2783,297,73,510,72,20,567,67,15,681,89,19,813,93,24,346,43,9,426,43,10,785,87,14,799,84,20,172,10,7,178,12,3,0
2021-02-21,2286,271,59,2838,301,70,359,59,19,565,67,16,792,85,15,842,93,22,318,34,5,436,43,8,666,85,17,811,87,20,151,14,3,183,12,3,0
2021-02-22,3614,350,74,2946,304,68,750,81,12,597,69,16,1112,118,27,878,96,22,540,54,12,461,44,8,983,85,18,827,87,19,229,13,5,182,12,3,0
2021-02-23,3473,328,73,2910,301,67,731,70,18,589,67,16,1074,110,20,873,95,20,532,47,12,450,43,9,934,94,20,814,87,19,201,14,3,184,12,3,0
2021-02-24,3462,355,79,2914,310,66,713,75,14,581,69,14,1022,107,22,875,96,20,568,50,19,454,44,11,942,118,16,817,92,17,217,10,8,187,12,4,0
2021-02-25,3480,291,74,3118,314,69,715,70,19,628,71,16,1025,86,21,937,97,20,514,45,12,468,45,11,964,81,19,876,92,18,262,11,3,209,12,4,0
2021-02-26,3240,329,71,3150,317,71,675,56,12,636,69,16,942,100,15,950,99,20,518,54,18,477,47,12,889,105,22,880,94,18,216,15,4,207,12,5,0
2021-02-27,2016,244,66,3082,310,71,376,50,8,617,66,15,625,70,29,942,97,21,248,33,8,463,45,12,629,83,19,858,93,19,138,12,2,202,13,4,0
2021-02-28,2038,244,68,3046,306,72,329,55,11,613,65,13,733,86,23,933,97,22,253,29,10,453,45,13,574,69,22,845,91,19,149,6,2,202,12,4,0
2021-03-01,3725,325,62,3062,302,70,729,75,4,610,64,12,1174,88,22,942,92,22,530,49,8,452,44,12,1032,99,23,852,93,20,260,17,5,206,12,4,0
2021-03-02,3109,273,53,3010,294,68,562,54,10,586,62,11,936,81,15,922,88,21,495,48,5,447,44,11,861,70,18,842,89,20,255,21,5,214,13,4,0
2021-03-03,3242,306,72,2979,287,67,638,68,20,575,61,12,954,91,15,913,86,20,523,50,16,440,44,11,861,87,17,830,85,20,266,13,4,221,14,4,0
2021-03-04,3119,298,61,2927,288,65,575,71,10,555,61,11,933,101,15,900,88,19,495,51,10,437,45,11,862,67,21,815,83,20,253,10,5,220,13,4,0
2021-03-05,2887,258,54,2877,278,62,553,67,8,537,63,10,888,70,18,892,84,20,403,34,11,421,42,10,807,68,12,804,78,19,236,21,5,222,14,4,0
2021-03-06,2045,243,56,2881,278,61,331,44,13,531,62,11,594,67,13,887,83,17,260,37,12,423,43,10,688,84,15,812,78,18,172,13,3,227,14,4,0
2021-03-07,1876,248,61,2858,279,60,291,53,10,526,62,11,596,71,22,868,81,17,238,39,10,421,44,10,604,71,16,816,78,17,147,15,3,227,16,4,0
2021-03-08,3399,295,68,2811,274,61,625,60,15,511,60,12,1108,74,16,858,79,16,489,52,11,415,44,11,918,94,19,800,77,17,259,22,7,227,16,5,0
2021-03-09,3340,282,71,2844,276,63,581,64,17,513,61,13,1084,74,18,880,78,17,527,47,11,419,44,12,915,86,24,808,80,18,233,16,1,224,16,4,0
2021-03-10,3204,282,62,2839,272,62,562,57,17,503,59,13,958,96,19,880,79,17,517,38,7,418,43,10,907,81,15,814,79,17,260,14,4,223,16,4,0
2021-03-11,3106,294,56,2837,272,61,544,53,14,498,57,13,964,101,20,885,79,18,464,46,5,414,42,10,921,83,13,823,81,16,213,15,4,217,17,4,0
2021-03-12,3202,293,73,2882,277,64,572,61,16,501,56,15,936,95,26,891,83,19,486,36,13,426,42,10,964,91,17,845,84,17,244,14,1,218,16,3,0
2021-03-13,2175,220,63,2900,273,65,330,41,11,501,56,14,627,66,22,896,82,20,285,34,7,429,42,9,756,78,18,855,83,17,177,4,5,219,14,4,0
2021-03-14,1923,252,40,2907,274,62,249,42,8,495,54,14,642,82,15,903,84,19,224,30,3,427,40,8,659,88,13,863,86,17,149,11,1,219,14,3,0
2021-03-15,3393,292,44,2906,274,58,561,62,6,486,54,13,1063,82,17,896,85,20,450,36,12,422,38,8,1093,95,5,888,86,15,226,18,4,215,13,3,0
2021-03-16,3196,248,65,2886,269,58,569,45,14,484,52,12,988,78,20,883,86,20,492,40,8,417,37,8,934,75,18,891,84,14,213,15,5,212,13,3,0
2021-03-17,3171,279,45,2881,268,55,514,46,8,477,50,11,940,100,7,880,86,18,507,45,13,415,38,9,943,72,13,896,83,14,267,18,4,213,14,3,0
2021-03-18,2916,305,59,2854,270,56,499,58,11,471,51,11,854,100,17,864,86,18,445,33,12,413,36,10,886,94,16,891,85,14,232,23,3,215,15,3,0
2021-03-19,3049,261,45,2832,265,52,546,58,10,467,50,10,905,87,8,860,85,15,434,35,9,405,36,9,897,68,15,881,81,14,267,18,3,219,15,4,0
2021-03-20,2158,261,49,2829,271,50,333,54,4,467,52,9,661,87,16,865,88,14,268,31,9,403,36,9,735,74,16,878,81,14,160,17,4,216,17,3,0
2021-03-21,2090,267,50,2853,273,51,294,34,7,474,51,9,707,89,13,874,89,14,234,30,9,404,36,10,681,99,18,881,82,14,174,19,3,220,18,4,0
2021-03-22,3881,328,55,2923,278,53,654,56,16,487,50,10,1214,97,19,896,91,14,578,48,6,423,37,9,1116,107,11,885,84,15,318,24,3,233,19,4,0
2021-03-23,3250,279,54,2931,283,51,567,59,8,487,52,9,1025,90,16,901,93,14,467,33,10,419,36,10,939,84,16,885,85,15,252,16,4,239,19,3,0
2021-03-24,3453,293,41,2971,285,50,580,63,5,496,55,9,1046,99,13,916,93,15,526,22,4,422,33,8,1013,91,15,895,88,15,288,23,4,242,20,3,0
2021-03-25,3798,310,70,3097,286,52,637,54,13,516,54,9,1150,107,24,958,94,16,586,31,10,442,33,8,1130,97,20,930,89,16,295,25,3,251,20,3,0
2021-03-26,3417,313,64,3150,293,55,567,62,12,519,55,9,1000,105,23,972,96,18,496,37,5,451,33,8,1045,85,18,951,91,16,309,27,6,257,22,4,0
2021-03-27,2224,260,52,3159,293,55,363,55,15,523,55,11,633,82,17,968,96,18,270,34,9,451,34,8,743,79,9,952,92,15,215,14,2,264,21,4,0
2021-03-28,1752,206,57,3111,284,56,255,36,10,518,55,11,575,58,15,949,91,18,224,19,7,450,32,7,546,77,19,933,89,15,152,16,6,261,21,4,0
2021-03-29,3557,304,48,3064,281,55,626,55,14,514,55,11,1043,102,12,925,92,17,485,37,6,436,30,7,1092,93,15,930,87,16,311,20,1,260,20,4,0
2021-03-30,3187,263,42,3055,278,53,593,61,6,517,55,11,941,82,15,913,91,17,472,35,2,437,31,6,935,66,17,929,84,16,246,20,2,259,21,3,0
2021-03-31,3186,289,61,3017,278,56,508,49,7,507,53,11,960,102,24,900,91,19,517,26,8,436,31,7,940,91,16,919,84,16,261,22,6,256,21,4,0
2021-04-01,2866,265,57,2884,271,54,501,51,14,488,53,11,862,101,18,859,90,18,446,36,6,416,32,6,830,65,16,876,79,16,227,14,3,246,19,4,0
2021-04-02,2619,261,54,2770,264,53,360,32,9,458,48,11,848,86,23,837,88,18,380,35,6,399,32,6,810,92,14,842,80,15,221,19,2,233,18,3,0
2021-04-03,2050,234,48,2745,260,52,313,46,8,451,47,10,638,75,18,838,87,18,233,28,6,394,31,6,665,75,16,831,80,16,201,12,0,231,18,3,0
2021-04-04,1467,215,47,2705,262,51,192,42,10,442,48,10,497,66,13,827,88,18,180,22,6,388,31,6,456,72,15,818,79,16,142,13,3,230,17,2,0
2021-04-05,3270,265,53,2664,256,52,505,48,13,425,47,10,1038,82,10,826,85,17,467,30,7,385,30,6,975,88,18,802,78,16,285,17,5,226,17,3,0
2021-04-06,3003,229,46,2637,251,52,501,57,8,411,46,10,933,74,15,825,84,17,462,28,4,384,29,6,862,69,15,791,79,16,245,7,4,226,15,3,0
2021-04-07,2763,220,44,2577,241,50,467,44,5,406,46,10,869,74,10,812,80,15,412,22,7,369,29,6,788,63,14,769,75,15,227,19,8,221,14,4,0
2021-04-08,2571,216,54,2535,234,49,417,38,14,394,44,10,812,71,20,805,75,16,322,27,7,351,27,6,784,70,10,763,76,15,236,11,3,222,14,4,0
2021-04-09,2469,204,54,2513,226,49,356,46,9,393,46,10,803,51,26,799,70,16,322,28,8,343,26,6,734,63,10,752,71,14,254,19,1,227,14,3,0
2021-04-10,1723,189,49,2467,220,50,231,36,6,381,44,9,564,58,14,788,68,15,196,25,7,337,26,7,582,58,19,740,69,14,150,12,3,220,14,4,0
2021-04-11,1315,160,53,2445,212,50,179,27,6,379,42,9,462,50,21,783,66,17,148,17,7,333,25,7,397,59,17,732,67,15,129,8,2,218,13,4,0
2021-04-12,2533,201,41,2340,203,49,404,39,7,365,41,8,852,57,16,756,62,17,331,33,5,313,26,6,741,64,12,698,64,14,205,11,1,207,12,3,0
2021-04-13,2363,202,37,2248,199,47,385,32,5,348,37,7,774,66,13,734,61,17,344,30,5,296,26,7,693,62,11,674,63,13,167,14,3,195,13,3,0
2021-04-14,2241,195,35,2174,195,46,348,36,7,331,36,8,721,69,11,713,60,17,320,26,6,283,27,6,638,54,10,653,61,13,214,13,1,194,13,2,0
2021-04-15,2016,219,41,2094,196,44,354,45,7,322,37,7,641,65,11,688,59,16,281,28,8,277,27,7,561,66,10,621,61,13,179,17,5,185,13,2,0
2021-04-16,1836,196,31,2004,195,41,260,32,3,309,35,6,597,74,14,659,63,14,227,21,2,264,26,6,568,56,10,597,60,13,184,15,2,175,13,2,0
2021-04-17,1275,164,35,1940,191,39,209,26,4,306,34,6,411,57,17,637,63,15,129,16,5,254,24,5,411,56,8,573,60,11,115,10,1,170,13,2,0
2021-04-18,1056,165,35,1903,192,36,165,30,2,304,34,5,361,66,17,622,65,14,128,12,7,251,24,5,296,44,7,558,57,10,106,14,2,167,13,2,0
2021-04-19,1881,173,41,1810,188,36,287,30,5,287,33,5,639,54,15,592,64,14,231,20,5,237,22,5,542,55,12,530,56,10,182,16,3,164,14,2,0
2021-04-20,1604,154,35,1701,181,36,286,27,5,273,32,5,514,60,14,555,64,14,223,19,2,220,20,5,434,39,12,493,53,10,146,11,2,161,14,2,0
2021-04-21,1416,114,35,1583,169,36,208,15,2,253,29,4,508,40,12,524,59,14,181,11,4,200,18,5,388,35,17,457,50,11,131,14,0,149,14,2,0
2021-04-22,1361,161,41,1490,161,36,227,42,5,235,29,4,488,48,19,503,57,15,143,13,4,180,16,4,376,49,10,431,48,11,127,10,3,142,13,2,0
2021-04-23,1289,154,47,1412,155,38,217,24,13,228,28,5,438,53,10,480,54,15,132,19,6,167,16,5,368,46,16,402,46,12,134,14,2,134,13,2,0
2021-04-24,852,104,29,1351,146,38,123,22,3,216,27,5,308,31,10,465,50,14,87,12,6,161,15,5,255,31,9,380,43,12,79,9,1,129,13,2,0
2021-04-25,757,120,24,1309,140,36,97,23,5,206,26,5,270,36,6,452,46,12,75,17,2,153,16,4,246,41,9,373,42,12,69,4,2,124,11,2,0
2021-04-26,1370,144,30,1236,136,34,226,30,5,198,26,5,497,48,15,432,45,12,167,16,2,144,15,4,358,43,7,346,41,11,121,7,1,115,10,2,0
2021-04-27,1138,115,31,1169,130,34,204,18,5,186,25,5,392,43,10,414,43,12,144,8,5,133,14,4,301,39,9,327,41,11,97,9,2,108,10,2,0
2021-04-28,1215,127,29,1140,132,33,192,19,4,184,25,6,419,44,12,402,43,12,132,19,4,126,15,4,361,37,9,324,41,10,111,9,0,105,9,2,0
2021-04-29,1056,115,31,1097,126,32,154,20,7,173,22,6,392,42,8,388,42,10,151,18,3,127,16,4,268,27,12,308,38,10,91,9,1,100,9,1,0
2021-04-30,963,94,38,1050,117,30,173,17,5,167,21,5,328,33,14,372,40,11,106,11,5,123,14,4,276,30,11,295,35,9,80,3,3,93,7,1,0
2021-05-01,578,78,30,1011,113,30,86,14,4,162,20,5,190,23,9,355,38,11,63,13,5,120,15,4,181,27,10,284,35,10,58,4,2,90,6,2,0
2021-05-02,569,72,29,984,106,31,73,14,1,158,19,4,221,22,12,348,36,11,50,8,4,116,13,4,165,16,10,273,31,10,60,12,2,88,8,2,0
2021-05-03,936,88,23,922,98,30,151,17,4,148,17,4,318,28,6,323,34,10,127,11,4,110,13,4,267,29,5,260,29,9,73,4,4,81,7,2,0
2021-05-04,877,94,27,885,95,30,156,12,4,141,16,4,297,44,10,309,34,10,103,11,1,105,13,4,240,23,5,251,27,9,81,6,7,79,7,3,0
2021-05-05,781,76,26,823,88,29,142,16,7,134,16,5,244,19,8,284,30,10,110,9,4,101,12,4,224,26,6,232,25,8,61,6,1,72,6,3,0
2021-05-06,786,81,27,784,83,29,133,10,3,131,14,4,268,21,10,267,27,10,100,16,6,94,11,4,231,30,7,226,26,8,54,5,1,67,6,3,0
2021-05-07,715,72,37,749,80,28,137,13,5,125,14,4,225,28,10,252,26,9,80,10,4,90,11,4,193,16,14,214,24,8,80,5,4,67,6,3,0
2021-05-08,384,62,24,721,78,28,61,11,1,122,13,4,122,24,12,242,27,10,41,11,4,87,11,4,122,16,5,206,22,7,38,2,2,64,6,3,0
2021-05-09,343,62,26,689,76,27,53,9,5,119,13,4,106,18,9,226,26,9,48,9,3,87,11,4,110,25,8,198,24,7,26,1,1,59,4,3,0
2021-05-10,654,70,28,649,74,28,130,18,6,116,13,4,207,17,9,210,24,10,89,9,3,82,11,4,178,24,9,185,23,8,50,2,1,56,4,2,0
2021-05-11,628,69,21,613,70,27,90,15,2,107,13,4,216,17,6,198,21,9,70,8,7,77,10,4,188,24,4,178,23,8,64,5,2,53,4,2,0
2021-05-12,594,62,18,586,68,26,109,9,1,102,12,3,196,24,8,191,21,9,68,11,2,71,11,4,155,14,5,168,21,7,66,5,2,54,4,2,0
2021-05-13,516,66,25,548,66,26,93,12,5,96,12,4,147,22,7,174,21,9,75,8,4,67,9,4,151,22,8,157,20,8,49,4,1,53,3,2,0
2021-05-14,486,69,28,515,66,24,77,17,5,88,13,4,145,14,9,163,19,9,58,10,3,64,9,4,160,24,10,152,21,7,46,5,1,48,3,1,0
2021-05-15,292,39,9,502,62,22,46,7,2,85,12,4,94,18,2,159,19,7,33,2,1,63,8,3,99,8,4,149,20,7,20,4,0,46,4,1,0
2021-05-16,280,41,16,493,59,21,48,3,1,85,12,3,99,19,7,158,19,7,31,4,2,61,7,3,84,14,5,145,19,6,18,1,1,45,4,1,0
2021-05-17,453,72,16,464,60,19,79,11,4,77,11,3,151,21,7,150,19,7,72,10,0,58,8,3,114,25,5,136,19,6,37,5,0,43,4,1,0
2021-05-18,415,52,14,434,57,18,71,10,2,75,10,3,138,15,5,139,19,6,60,7,3,57,7,2,102,19,4,124,18,6,44,2,0,40,4,1,0
2021-05-19,377,58,14,403,57,17,74,14,4,70,11,3,129,20,7,129,18,6,41,8,1,53,7,2,106,13,1,117,18,5,27,3,1,34,3,1,0
2021-05-20,395,64,14,385,56,16,67,12,2,66,11,3,133,29,6,127,19,6,51,7,3,49,7,2,111,13,0,111,17,4,33,3,3,32,3,1,0
2021-05-21,349,52,14,366,54,14,54,11,2,63,10,2,115,11,5,123,19,6,48,9,2,48,7,2,105,15,3,103,15,3,27,6,2,29,3,1,0
2021-05-22,233,35,17,357,53,15,35,6,0,61,10,2,81,11,5,121,18,6,28,5,2,47,7,2,68,13,8,99,16,4,21,2,2,30,3,1,0
2021-05-23,187,45,12,344,54,14,29,4,2,58,10,2,63,18,4,116,18,6,17,6,0,45,7,2,55,13,4,94,16,4,23,4,2,30,4,1,0
2021-05-24,355,35,10,330,49,14,57,8,0,55,9,2,105,8,6,109,16,5,51,4,1,42,7,2,95,14,3,92,14,3,47,1,0,32,3,1,0
2021-05-25,305,40,6,314,47,12,48,3,2,52,8,2,101,17,1,104,16,5,37,5,0,39,6,1,82,16,3,89,14,3,37,0,0,31,3,1,0
2021-05-26,249,33,6,296,43,11,44,4,1,48,7,1,81,12,1,97,15,4,40,3,2,39,6,1,74,10,1,84,13,3,10,4,1,28,3,1,0
2021-05-27,257,45,9,276,41,11,56,11,1,46,7,1,62,11,3,87,13,4,39,10,2,37,6,1,67,12,1,78,13,3,33,3,2,28,3,1,0
2021-05-28,210,35,12,257,38,10,36,7,1,44,6,1,67,16,3,80,13,3,23,5,2,34,5,1,66,6,3,72,12,3,18,1,3,27,2,1,0
2021-05-29,126,25,10,241,37,9,22,6,2,42,6,1,32,4,3,73,12,3,23,4,0,33,5,1,40,11,5,68,12,3,9,0,0,25,2,1,0
2021-05-30,119,25,8,232,34,9,25,4,2,41,6,1,34,12,5,69,11,3,16,5,0,33,5,1,30,3,1,65,10,2,14,1,0,24,1,1,0
2021-05-31,118,19,12,198,32,9,15,8,3,35,6,2,35,2,2,59,11,3,20,3,3,28,5,1,38,6,4,57,9,3,10,1,0,19,1,1,0
2021-06-01,288,33,13,195,31,10,71,5,1,38,6,2,59,14,8,53,10,4,52,4,2,30,5,2,76,10,2,56,8,2,30,2,0,18,2,1,0
2021-06-02,244,44,11,195,32,11,52,6,1,40,7,2,70,15,4,51,11,4,33,4,1,29,5,1,68,14,5,55,9,3,21,5,0,19,2,1,0
2021-06-03,206,30,12,187,30,11,45,0,1,38,5,2,62,15,4,51,11,4,24,3,2,27,4,1,61,10,3,54,9,3,14,2,2,17,2,1,0
2021-06-04,224,23,7,189,28,10,57,6,1,41,5,2,65,8,2,51,10,4,34,4,1,29,4,1,43,3,3,51,8,3,25,2,0,18,2,0,0
2021-06-05,142,17,6,192,27,10,41,3,0,44,5,1,44,4,3,53,10,4,16,3,0,28,4,1,29,4,2,49,7,3,12,3,1,18,2,0,0
2021-06-06,130,25,5,193,27,9,24,8,1,44,5,1,35,9,2,53,10,4,23,2,1,29,3,1,33,4,1,50,7,3,15,2,0,18,2,0,0
2021-06-07,219,31,7,208,29,9,57,8,2,50,5,1,64,11,0,57,11,3,32,1,1,31,3,1,47,8,4,51,8,3,19,3,0,19,3,0,0
2021-06-08,176,38,10,192,30,8,38,11,0,45,6,1,55,6,3,56,10,3,27,7,1,27,3,1,39,12,4,46,8,3,17,2,2,18,3,1,0
2021-06-09,211,24,9,187,27,8,56,9,1,45,6,1,58,9,5,55,9,3,40,1,0,28,3,1,40,4,3,42,6,3,17,1,0,17,2,1,0
2021-06-10,155,25,6,180,26,7,33,6,1,44,7,1,46,8,1,52,8,2,30,3,1,29,3,1,34,6,3,38,6,3,12,2,0,17,2,0,0
2021-06-11,188,25,6,174,26,7,40,6,1,41,7,1,43,6,1,49,8,2,38,5,1,29,3,1,52,6,3,39,6,3,15,2,0,15,2,0,0
2021-06-12,121,22,5,171,27,7,25,6,2,39,8,1,28,5,1,47,8,2,14,3,1,29,3,1,39,6,1,41,7,3,15,2,0,16,2,0,0
2021-06-13,113,30,6,169,28,7,18,4,2,38,7,1,35,12,1,47,8,2,18,2,2,28,3,1,30,10,1,40,7,3,12,3,0,15,2,0,0
2021-06-14,181,25,7,164,27,7,38,6,1,35,7,1,53,12,4,45,8,2,29,2,0,28,3,1,49,5,1,40,7,2,12,1,1,14,2,0,0
2021-06-15,179,25,6,164,25,6,30,8,0,34,6,1,38,8,3,43,9,2,35,1,1,29,2,1,57,4,1,43,6,2,19,4,1,15,2,0,0
2021-06-16,174,23,6,159,25,6,29,6,1,30,6,1,47,5,2,41,8,2,31,5,3,28,3,1,41,7,0,43,6,1,26,2,0,16,2,0,0
2021-06-17,187,30,9,163,26,6,36,10,3,31,7,1,52,9,3,42,8,2,25,2,2,27,3,1,51,8,1,46,7,1,23,1,0,17,2,0,0
2021-06-18,158,18,8,159,25,7,19,2,1,28,6,1,58,7,3,44,8,2,14,3,1,24,3,1,47,5,1,45,6,1,20,1,2,18,2,1,0
2021-06-19,107,13,11,157,23,8,18,4,0,27,6,1,29,2,3,45,8,3,22,1,1,25,2,1,24,3,5,43,6,1,14,3,2,18,2,1,0
2021-06-20,96,25,5,155,23,7,14,4,0,26,6,1,33,10,4,44,8,3,14,2,0,24,2,1,26,8,1,42,6,1,9,2,0,18,2,1,0
2021-06-21,169,29,3,153,23,7,27,7,1,25,6,1,41,9,0,43,7,3,25,4,0,24,3,1,50,5,2,42,6,2,26,5,0,20,3,1,0
2021-06-22,170,33,7,152,24,7,21,3,1,23,5,1,50,7,2,44,7,2,33,2,1,23,3,1,49,14,3,41,7,2,17,7,0,19,3,1,0
2021-06-23,186,23,5,153,24,7,28,3,1,23,5,1,47,10,1,44,8,2,38,3,0,24,2,1,48,6,3,42,7,2,24,1,0,19,3,1,0
2021-06-24,175,14,5,152,22,6,18,1,1,21,3,1,51,8,3,44,8,2,30,1,0,25,2,0,47,2,1,42,6,2,29,2,0,20,3,1,0
2021-06-25,180,18,6,155,22,6,12,4,2,20,4,1,61,8,2,45,8,2,28,2,1,27,2,0,55,4,0,43,6,2,24,0,1,20,3,0,0
2021-06-26,118,18,3,156,23,5,11,4,0,19,4,1,37,7,2,46,8,2,15,2,1,26,2,0,31,2,0,44,6,1,24,3,0,22,3,0,0
2021-06-27,110,23,1,158,23,4,17,3,0,19,4,1,29,7,0,45,8,1,19,3,0,27,2,0,23,10,1,43,6,1,22,0,0,24,3,0,0
2021-06-28,206,25,6,164,22,5,29,3,0,19,3,1,49,7,1,46,8,2,45,5,1,30,3,1,53,8,2,44,7,1,30,3,2,24,2,0,0
2021-06-29,213,23,4,170,21,4,32,1,1,21,3,1,52,8,2,47,8,2,43,6,0,31,3,0,51,8,1,44,6,1,35,0,0,27,1,0,0
2021-06-30,225,21,4,175,20,4,30,3,0,21,3,1,74,7,2,50,7,2,43,4,1,32,3,1,51,6,1,44,6,1,27,1,0,27,1,0,0
2021-07-01,205,31,4,180,23,4,27,3,0,23,3,0,63,10,2,52,8,2,29,3,0,32,4,1,53,7,2,45,6,1,33,8,0,28,2,0,0
2021-07-02,232,36,7,187,25,4,32,7,2,25,3,0,60,13,0,52,8,1,61,5,1,36,4,1,58,8,4,46,7,2,21,5,0,27,3,0,0
2021-07-03,146,21,6,191,26,5,18,3,1,26,3,1,41,5,2,53,8,1,29,5,1,38,4,1,33,5,2,46,7,2,25,4,0,28,3,0,0
2021-07-04,123,21,4,193,25,5,14,1,1,26,3,1,31,9,2,53,8,2,25,3,0,39,4,1,34,7,1,48,7,2,19,2,0,27,3,0,0
2021-07-05,187,15,1,190,24,4,20,3,0,25,3,1,62,5,0,55,8,1,32,3,0,37,4,0,53,4,1,48,6,2,20,1,0,26,3,0,0
2021-07-06,360,23,3,211,24,4,47,3,2,27,3,1,125,7,1,65,8,1,77,3,0,42,4,0,79,5,0,52,6,2,32,5,0,25,4,0,0
2021-07-07,400,23,2,236,24,4,49,2,2,30,3,1,146,9,0,75,8,1,73,3,0,47,4,0,88,7,0,57,6,1,44,2,0,28,4,0,0
2021-07-08,367,24,2,259,23,4,50,5,1,33,3,1,110,8,0,82,8,1,80,3,1,54,4,0,81,5,0,61,6,1,46,3,0,30,3,0,0
2021-07-09,370,36,2,279,23,3,56,5,0,36,3,1,110,7,1,89,7,1,84,8,0,57,4,0,88,14,0,65,7,1,32,2,1,31,3,0,0
2021-07-10,238,18,2,292,23,2,37,2,0,39,3,1,63,4,1,92,7,1,49,3,0,60,4,0,59,9,1,69,7,0,30,0,0,32,2,0,0
2021-07-11,267,27,4,313,24,2,32,8,1,42,4,1,79,5,2,99,6,1,53,2,0,64,4,0,78,11,0,75,8,0,25,1,1,33,2,0,0
2021-07-12,475,24,4,354,25,3,69,7,1,49,5,1,176,9,0,116,7,1,86,2,0,72,3,0,109,6,3,83,8,1,35,0,0,35,2,0,0
2021-07-13,459,25,3,368,25,3,43,6,2,48,5,1,152,7,1,119,7,1,103,2,0,75,3,0,97,8,0,86,9,1,64,3,0,39,2,0,0
2021-07-14,547,47,2,389,29,3,59,11,0,49,6,1,184,13,2,125,8,1,144,7,0,86,4,0,114,15,0,89,10,1,46,2,0,40,2,0,0
2021-07-15,553,27,5,416,29,3,70,2,0,52,6,1,172,9,1,134,8,1,128,5,0,92,4,0,129,9,3,96,10,1,54,2,1,41,1,0,0
2021-07-16,555,36,5,442,29,4,73,7,0,55,6,1,183,17,0,144,9,1,121,2,2,98,3,0,117,10,2,100,10,1,61,1,1,45,1,0,0
2021-07-17,341,36,6,457,32,4,59,11,2,58,7,1,110,8,0,151,10,1,60,5,1,99,4,0,77,8,3,103,10,2,35,6,0,46,2,0,0
2021-07-18,393,37,2,475,33,4,36,6,0,58,7,1,141,19,1,160,12,1,83,3,0,104,4,0,104,6,1,107,9,2,29,4,0,46,3,0,0
2021-07-19,811,50,5,523,37,4,110,9,1,64,7,1,276,17,3,174,13,1,176,6,0,116,4,0,171,16,1,116,10,1,78,3,0,52,3,0,0
2021-07-20,707,52,4,558,41,4,94,7,1,72,8,1,230,21,2,185,15,1,162,6,0,125,5,0,147,15,1,123,11,2,74,4,0,54,3,0,0
2021-07-21,893,42,2,608,40,4,128,10,0,81,7,1,306,9,0,203,14,1,198,5,1,133,5,1,198,15,0,135,11,2,63,5,1,56,4,0,0
2021-07-22,969,51,3,667,43,4,136,15,0,91,9,1,324,17,0,224,15,1,226,6,1,147,5,1,195,10,1,144,11,1,88,4,1,61,4,0,0
2021-07-23,916,48,3,719,45,4,126,9,0,98,10,1,319,16,0,244,15,1,200,5,2,158,5,1,215,15,1,158,12,1,55,5,0,60,4,0,0
2021-07-24,552,42,2,749,46,3,58,5,0,98,9,0,188,14,2,255,16,1,111,7,0,165,5,1,141,11,0,167,13,1,54,5,0,63,4,0,0
2021-07-25,634,41,4,783,47,3,68,8,0,103,9,0,212,10,0,265,15,1,118,7,1,170,6,1,169,12,1,177,13,1,67,4,2,68,4,1,0
2021-07-26,1225,58,1,842,48,3,155,8,0,109,9,0,422,21,0,286,15,1,261,8,0,182,6,1,273,18,0,191,14,1,114,4,1,74,4,1,0
2021-07-27,1198,71,5,912,50,3,141,16,1,116,10,0,406,23,1,311,16,0,253,6,1,195,6,1,295,19,1,212,14,1,103,7,1,78,5,1,0
2021-07-28,1242,74,6,962,55,3,188,13,2,125,11,0,384,13,1,322,16,1,276,14,2,206,8,1,286,32,1,225,17,1,108,3,0,84,5,1,0
2021-07-29,1289,74,8,1008,58,4,174,11,0,130,10,0,445,20,1,339,17,1,233,13,2,207,9,1,318,18,5,242,18,1,119,13,0,89,6,1,0
2021-07-30,1277,79,10,1060,63,5,159,18,1,135,11,1,428,19,4,355,17,1,249,11,3,214,9,1,318,28,2,257,20,1,123,3,0,98,6,1,0
2021-07-31,850,67,4,1102,66,5,126,8,0,144,12,1,263,27,3,366,19,1,152,6,1,220,9,1,214,20,0,268,21,1,95,7,0,104,6,1,0
2021-08-01,830,46,11,1130,67,6,92,10,0,148,12,1,294,15,2,377,20,2,151,5,2,225,9,2,220,15,5,275,21,2,73,3,2,105,6,1,0
2021-08-02,1567,72,4,1179,69,7,237,9,0,160,12,1,517,23,2,391,20,2,303,9,1,231,9,2,388,26,1,291,23,2,122,6,0,106,6,0,0
2021-08-03,1582,96,3,1234,73,7,231,17,2,172,12,1,489,26,0,403,20,2,345,10,1,244,10,2,365,31,0,301,24,2,152,13,0,113,7,0,0
2021-08-04,1607,85,8,1286,74,7,214,11,1,176,12,1,519,36,5,422,24,2,329,9,0,252,9,1,380,18,1,315,22,2,165,13,1,121,8,0,0
2021-08-05,1526,90,6,1320,76,7,208,20,1,181,13,1,517,24,2,432,24,3,322,18,0,264,10,1,365,25,2,321,23,2,114,4,1,121,7,1,0
2021-08-06,1575,113,11,1362,81,7,210,20,0,188,14,1,520,39,4,446,27,3,285,16,4,270,10,1,419,28,2,336,23,2,141,11,1,123,8,1,0
2021-08-07,1150,84,14,1405,84,8,179,18,2,196,15,1,373,25,5,461,27,3,179,12,2,273,11,1,294,21,3,347,23,2,125,8,2,127,8,1,0
2021-08-08,1071,97,6,1440,91,7,155,19,1,205,16,1,321,25,2,465,28,3,162,14,0,275,13,1,301,29,1,359,25,1,131,10,2,136,9,1,0
2021-08-09,1889,128,9,1486,99,8,289,29,0,212,19,1,625,43,3,481,31,3,308,16,3,276,14,1,494,41,3,374,28,2,172,0,0,143,8,1,0
2021-08-10,1665,117,6,1498,102,9,265,36,0,217,22,1,535,32,4,487,32,4,306,16,1,270,14,1,407,29,0,380,27,2,152,6,1,143,7,1,0
2021-08-11,1753,136,9,1518,109,9,262,29,2,224,24,1,546,39,1,491,32,3,354,11,3,274,15,2,439,38,3,388,30,2,151,19,0,141,8,1,0
2021-08-12,1758,115,6,1552,113,9,232,22,2,227,25,1,578,29,1,500,33,3,324,19,3,274,15,2,451,32,0,401,31,2,172,15,0,149,10,1,0
2021-08-13,1600,136,9,1555,116,8,266,30,2,235,26,1,499,45,3,497,34,3,294,15,1,275,15,2,394,40,3,397,33,2,145,7,0,150,9,1,0
2021-08-14,1048,92,10,1541,117,8,145,18,1,231,26,1,348,29,4,493,35,3,206,11,1,279,15,2,253,20,3,391,33,2,96,16,1,146,10,1,0
2021-08-15,1143,106,6,1551,119,8,140,15,1,228,26,1,420,38,2,507,36,3,198,21,1,284,16,2,304,25,1,392,32,2,81,8,1,138,10,0,0
2021-08-16,1926,122,6,1556,118,7,328,27,1,234,25,1,625,36,2,507,35,2,351,15,1,290,15,2,479,42,0,390,32,1,143,7,2,134,11,1,0
2021-08-17,1744,129,15,1567,119,9,296,32,7,238,25,2,595,36,3,516,36,2,301,16,1,290,15,2,418,34,3,391,33,2,133,13,1,132,12,1,0
2021-08-18,1813,112,13,1576,116,9,273,24,1,240,24,2,555,35,4,517,35,3,362,16,0,291,16,1,460,26,5,394,31,2,162,12,3,133,11,1,0
2021-08-19,1691,91,14,1566,113,10,265,20,2,245,24,2,543,24,7,512,35,4,325,11,1,291,15,1,419,25,2,390,30,2,136,10,2,128,10,1,0
2021-08-20,1562,114,6,1561,109,10,285,36,0,247,25,2,505,27,3,513,32,4,296,16,0,291,15,1,349,25,3,383,28,2,125,11,0,125,11,1,0
2021-08-21,1091,113,16,1567,112,11,180,26,1,252,26,2,338,30,7,512,32,4,183,20,1,288,16,1,272,33,7,386,30,3,118,4,0,128,9,1,0
2021-08-22,720,104,10,1507,112,11,104,23,3,247,27,2,276,31,5,491,31,4,99,16,0,274,16,1,157,28,0,365,30,3,84,7,2,129,9,1,0
2021-08-23,1952,113,12,1510,111,12,289,34,1,242,28,2,643,26,5,494,30,5,367,18,0,276,16,0,492,29,5,367,29,4,161,7,1,131,9,1,0
2021-08-24,1832,101,11,1523,107,12,298,18,3,242,26,2,612,34,3,496,30,5,349,13,1,283,16,0,405,32,2,365,28,3,168,5,2,136,8,1,0
2021-08-25,1784,107,8,1519,106,11,286,27,3,244,26,2,570,31,4,498,29,5,372,17,1,284,16,1,385,31,0,354,29,3,170,4,0,137,7,1,0
2021-08-26,1643,103,13,1512,108,11,252,25,2,242,27,2,526,34,4,496,30,4,326,10,2,285,16,1,388,31,2,350,30,3,150,8,3,139,7,1,0
2021-08-27,1449,102,10,1496,106,11,242,25,0,236,25,2,461,32,4,489,31,5,266,13,2,280,15,1,347,25,4,349,30,3,133,9,0,141,6,1,0
2021-08-28,984,79,14,1481,101,11,172,13,1,235,24,2,296,21,7,483,30,5,152,14,1,276,14,1,252,30,4,347,29,2,112,3,1,140,6,1,0
2021-08-29,987,87,13,1519,99,12,138,25,2,240,24,2,341,24,7,493,29,5,160,11,0,285,14,1,257,22,3,361,29,3,91,8,1,141,6,1,0
2021-08-30,1835,120,13,1502,100,12,304,33,1,242,24,2,582,37,4,484,30,5,374,13,1,286,13,1,392,31,6,347,29,3,182,8,1,144,6,1,0
2021-08-31,1620,118,10,1472,102,12,259,31,1,236,26,1,529,29,3,472,30,5,304,25,2,279,15,1,326,24,2,335,28,3,202,12,2,149,7,1,0
2021-09-01,1558,121,13,1439,104,12,224,30,3,227,26,1,487,29,2,460,29,4,347,19,2,276,15,1,360,37,6,332,29,4,140,9,0,144,8,1,0
2021-09-02,1429,91,11,1409,103,12,211,32,2,221,27,1,477,20,3,453,27,4,264,6,3,267,14,2,303,24,3,320,28,4,174,11,0,148,9,1,0
2021-09-03,1421,74,8,1405,99,12,216,17,3,218,26,2,429,24,3,449,26,4,248,9,1,264,14,1,330,22,0,317,27,3,197,4,1,157,8,1,0
2021-09-04,905,100,12,1394,102,11,126,22,3,211,27,2,255,31,4,443,28,4,154,11,1,264,13,1,260,32,3,318,27,3,110,6,1,157,8,1,0
2021-09-05,950,71,13,1388,99,11,137,16,3,211,26,2,333,22,3,442,27,3,156,8,3,264,13,2,214,18,3,312,27,3,110,7,1,159,8,1,0
2021-09-06,947,72,17,1261,92,12,164,18,5,191,24,3,275,19,6,398,25,3,181,11,0,236,13,2,229,22,5,289,26,3,98,6,1,147,8,1,0
2021-09-07,1566,106,7,1254,91,12,285,19,4,195,22,3,432,27,2,384,25,3,306,26,0,237,13,1,370,27,1,295,26,3,171,7,0,143,7,1,0
2021-09-08,1589,97,20,1258,87,13,234,22,1,196,21,3,464,29,8,381,25,4,370,20,3,240,13,2,389,25,6,299,24,3,132,3,2,142,6,1,0
2021-09-09,1711,93,18,1298,88,14,241,38,3,200,22,3,630,21,3,403,25,4,311,10,3,247,14,2,400,19,8,313,24,4,129,8,1,135,6,1,0
2021-09-10,1541,93,15,1316,90,15,232,26,2,203,23,3,502,27,6,413,25,5,298,9,1,254,14,2,377,26,6,320,24,5,132,6,0,126,6,1,0
2021-09-11,1036,81,15,1334,88,15,139,14,1,205,22,3,335,26,8,424,24,5,169,11,0,256,14,1,288,22,5,324,23,5,104,8,1,125,6,1,0
2021-09-12,1212,89,12,1372,90,15,127,15,3,203,22,3,504,29,2,449,25,5,221,14,3,265,14,1,258,26,3,330,24,5,102,7,1,124,6,1,0
2021-09-13,1737,98,12,1485,94,14,223,15,3,212,21,2,633,30,4,500,27,5,370,23,1,292,16,2,389,21,2,353,24,4,122,9,2,127,7,1,0
2021-09-14,1641,82,9,1495,90,14,201,12,1,200,20,2,609,31,6,525,28,5,310,19,1,293,15,2,373,17,1,353,22,4,147,6,0,124,7,1,0
2021-09-15,1607,92,10,1498,90,13,231,13,0,199,19,2,548,34,5,537,28,5,320,7,0,286,13,1,353,29,4,348,23,4,152,10,1,127,8,1,0
2021-09-16,1385,82,11,1451,88,12,191,21,2,192,17,2,452,19,2,512,28,5,284,11,2,282,13,1,321,27,4,337,24,4,135,7,1,128,8,1,0
2021-09-17,1524,83,11,1449,87,11,173,13,2,184,15,2,560,23,6,520,27,5,321,19,1,285,15,1,366,26,1,335,24,3,104,4,1,124,7,1,0
2021-09-18,950,84,10,1437,87,11,105,17,2,179,15,2,357,29,1,523,28,4,135,17,1,280,16,1,263,22,6,332,24,3,89,3,0,122,7,1,0
2021-09-19,1060,70,16,1415,84,11,140,8,2,181,14,2,465,24,9,518,27,5,162,13,1,272,16,1,214,15,4,326,22,3,79,10,0,118,7,1,0
2021-09-20,1640,96,16,1401,84,12,244,26,2,184,16,2,546,25,7,505,26,5,294,20,2,261,15,1,404,18,4,328,22,3,151,8,1,122,7,1,0
2021-09-21,1300,84,13,1352,84,12,201,17,1,184,16,2,397,24,4,475,25,5,283,14,2,257,14,1,323,24,6,321,23,4,95,5,0,115,7,1,0
2021-09-22,1424,94,13,1326,85,13,205,19,2,180,17,2,511,32,6,470,25,5,284,13,0,252,15,1,309,25,5,314,22,4,112,5,0,109,6,0,0
2021-09-23,1291,95,11,1313,87,13,138,16,2,172,17,2,513,39,2,478,28,5,223,11,1,243,15,1,327,20,5,315,21,4,89,9,1,103,6,0,0
2021-09-24,1225,80,9,1270,86,13,155,10,4,170,16,2,452,33,2,463,29,4,239,13,0,231,14,1,295,24,2,305,21,5,82,2,1,100,6,0,0
2021-09-25,814,65,15,1251,83,13,99,15,3,169,16,2,310,23,5,456,29,5,131,3,1,231,12,1,191,21,5,295,21,4,82,4,1,99,6,1,0
2021-09-26,855,53,15,1221,81,13,97,10,3,163,16,2,333,19,5,437,28,4,139,6,0,228,11,1,200,14,3,293,21,4,86,4,4,100,5,1,0
2021-09-27,1389,71,17,1185,77,13,184,17,5,154,15,3,517,27,4,433,28,4,252,5,3,222,9,1,324,20,5,281,21,4,111,4,0,94,5,1,0
2021-09-28,1117,64,13,1159,75,13,156,11,2,148,14,3,355,19,5,427,27,4,212,10,2,211,9,1,296,21,4,277,21,4,97,6,0,94,5,1,0
2021-09-29,1096,62,13,1112,70,13,151,16,1,140,14,3,367,22,3,407,26,4,212,8,1,201,8,1,268,13,6,272,19,4,97,4,2,92,5,1,0
2021-09-30,1132,60,8,1090,65,13,148,13,0,141,13,3,453,18,3,398,23,4,199,7,0,198,7,1,239,17,4,259,19,4,92,6,1,92,4,1,0
2021-10-01,1082,82,7,1069,65,13,133,17,1,138,14,2,408,29,2,392,22,4,212,9,1,194,7,1,253,31,3,253,20,4,76,2,0,92,4,1,0
2021-10-02,677,58,12,1050,64,12,74,17,2,135,14,2,280,13,4,388,21,4,120,6,0,192,7,1,155,21,6,248,20,4,48,4,0,87,4,1,0
2021-10-03,898,62,13,1056,66,12,63,11,3,130,15,2,455,27,5,405,22,4,93,10,3,186,8,1,217,16,2,250,20,4,69,2,0,84,4,0,0
2021-10-04,1271,74,12,1039,66,11,162,16,5,127,14,2,513,25,3,404,22,4,219,10,1,181,9,1,290,20,2,245,20,4,87,3,1,81,4,1,0
2021-10-05,1266,68,6,1060,67,10,168,10,1,128,14,2,503,26,1,426,23,3,225,14,0,183,9,1,264,14,3,241,19,4,106,4,1,82,4,1,0
2021-10-06,1138,61,15,1066,66,10,137,13,4,126,14,2,483,11,6,442,21,3,218,11,2,184,10,1,226,23,1,235,20,3,74,7,2,79,4,1,0
2021-10-07,1071,62,13,1058,67,11,121,15,3,123,14,3,404,11,2,435,20,3,180,9,3,181,10,1,268,20,4,239,21,3,98,7,1,80,4,1,0
2021-10-08,1010,41,17,1047,61,13,125,8,0,121,13,3,448,11,7,441,18,4,169,11,2,175,10,2,190,10,6,230,18,3,78,3,2,80,4,1,0
2021-10-09,608,69,8,1037,62,12,66,14,0,120,12,2,248,25,3,436,19,4,94,10,1,171,11,2,145,16,4,229,17,3,55,4,0,81,4,1,0
2021-10-10,683,47,16,1007,60,12,60,11,1,120,12,2,306,16,5,415,18,4,94,7,3,171,10,2,151,7,3,219,16,3,71,7,4,81,5,2,0
2021-10-11,927,51,9,958,57,12,107,9,1,112,11,1,359,12,1,393,16,4,173,10,0,165,10,2,222,15,6,209,15,4,66,5,1,78,5,2,0
2021-10-12,1138,46,3,939,54,12,124,7,0,106,11,1,460,12,1,387,14,4,203,9,0,162,10,2,238,18,1,206,16,4,113,4,1,79,5,2,0
2021-10-13,1104,67,9,934,55,11,119,14,1,103,11,1,407,22,2,376,16,3,228,14,0,163,10,1,236,13,5,207,14,4,114,8,1,85,5,1,0
2021-10-14,1021,47,8,927,53,10,108,11,0,101,11,0,425,10,2,379,15,3,174,8,1,162,10,1,203,17,4,198,14,4,111,2,1,87,5,1,0
2021-10-15,880,54,7,909,54,9,111,11,2,99,11,1,320,11,2,361,15,2,161,13,0,161,10,1,207,16,3,200,15,4,81,3,0,87,5,1,0
2021-10-16,484,51,6,891,52,8,53,10,0,97,10,1,192,16,4,353,14,2,55,5,0,155,9,1,137,15,1,199,14,3,47,6,1,86,5,1,0
2021-10-17,584,47,9,877,52,7,48,2,2,96,9,1,260,28,3,346,16,2,79,7,1,153,9,0,131,10,3,196,15,3,66,2,0,85,4,1,0
2021-10-18,855,53,10,867,52,7,105,10,1,95,9,1,357,18,5,346,17,3,140,2,0,149,8,0,173,15,3,189,15,3,80,9,1,87,5,1,0
2021-10-19,787,50,10,816,53,8,92,12,1,91,10,1,309,18,3,324,18,3,133,8,2,139,8,1,171,10,3,180,14,3,82,3,1,83,5,1,0
2021-10-20,793,50,6,772,50,8,97,9,1,88,9,1,292,17,3,308,17,3,154,9,0,128,7,1,175,9,2,171,13,3,75,6,0,77,4,1,0
2021-10-21,804,43,13,741,50,9,84,6,2,84,9,1,339,14,3,296,17,3,131,3,1,122,7,1,164,15,6,165,13,3,86,6,1,74,5,1,0
2021-10-22,679,43,9,712,48,9,85,12,2,81,9,1,255,18,1,286,18,3,130,3,1,117,5,1,134,7,3,155,12,3,74,4,2,73,5,1,0
2021-10-23,444,42,10,707,47,10,55,7,1,81,8,1,162,17,4,282,19,3,92,6,0,123,5,1,74,8,5,146,11,4,61,6,0,75,5,1,0
2021-10-24,440,41,14,686,46,10,37,8,3,79,9,2,196,12,4,273,16,3,65,7,0,121,5,1,84,9,4,139,10,4,57,5,3,74,6,1,0
2021-10-25,883,36,9,690,44,10,94,5,2,78,8,2,358,14,5,273,16,3,163,4,0,124,6,1,187,11,2,141,10,4,80,2,0,74,5,1,0
2021-10-26,594,40,8,662,42,10,64,6,2,74,8,2,236,18,2,263,16,3,100,4,1,119,5,0,125,9,2,135,10,3,69,3,1,72,5,1,0
2021-10-27,753,45,9,657,41,10,99,7,0,74,7,2,286,16,5,262,16,3,144,8,1,118,5,1,154,12,3,132,10,4,70,2,0,71,4,1,0
2021-10-28,729,36,7,646,40,9,81,9,1,74,8,2,309,11,2,257,15,3,120,10,1,116,6,1,143,5,2,129,9,3,76,1,1,70,3,1,0
2021-10-29,636,27,4,640,38,9,86,6,1,74,7,1,229,8,0,254,14,3,122,6,1,115,6,1,143,5,2,130,8,3,56,3,0,67,3,1,0
2021-10-30,395,24,9,633,36,9,40,6,0,72,7,1,155,9,2,253,13,3,61,1,3,111,6,1,100,4,4,134,8,3,39,4,0,64,3,1,0
2021-10-31,444,28,7,633,34,8,46,5,0,73,6,1,198,7,0,253,12,2,59,7,1,110,6,1,109,7,5,137,8,3,32,3,1,60,3,0,0
2021-11-01,772,36,4,618,34,7,73,6,0,70,6,1,310,10,2,246,11,2,139,4,1,106,6,1,193,12,1,138,8,3,57,4,0,57,3,0,0
2021-11-02,799,44,9,647,34,7,74,10,1,71,7,0,301,16,3,255,11,2,172,4,0,117,6,1,190,9,2,147,8,3,61,5,3,56,3,1,0
2021-11-03,814,50,7,656,35,7,73,12,1,68,8,1,297,22,2,257,12,2,178,4,1,122,5,1,200,9,3,154,7,3,65,4,0,55,3,1,0
2021-11-04,892,37,4,679,35,6,106,6,0,71,7,0,343,14,3,262,12,2,206,4,0,134,4,1,183,12,0,160,8,2,53,3,1,52,4,1,0
2021-11-05,764,30,5,697,36,6,90,10,1,72,8,0,289,10,3,270,13,2,147,4,0,137,4,1,184,5,1,166,8,2,54,4,0,52,4,1,0
2021-11-06,497,34,11,712,37,7,55,11,1,74,9,1,196,11,2,276,13,2,73,4,0,139,4,0,131,6,4,170,9,2,41,3,4,52,4,1,0
2021-11-07,534,33,8,725,38,7,45,4,0,74,8,1,201,14,3,277,14,3,104,2,1,146,4,0,132,10,2,173,9,2,52,5,2,55,4,1,0
2021-11-08,1124,44,8,775,39,7,138,14,2,83,10,1,397,16,1,289,15,2,229,2,1,158,3,0,269,7,3,184,8,2,90,6,1,59,4,2,0
2021-11-09,1022,32,12,807,37,8,98,5,3,86,9,1,353,6,5,297,13,3,241,5,0,168,4,0,241,11,2,191,9,2,89,6,2,63,4,1,0
2021-11-10,1038,44,7,839,36,8,121,12,0,93,9,1,358,14,3,305,12,3,236,4,1,177,4,0,255,12,2,199,9,2,67,2,1,64,4,2,0
2021-11-11,869,45,6,835,37,8,89,9,1,91,9,1,344,19,4,305,13,3,167,3,0,171,3,0,222,12,1,205,9,2,46,3,0,63,4,1,0
2021-11-12,1017,39,14,872,39,9,108,8,2,93,9,1,370,14,6,317,13,3,196,6,1,178,4,1,254,11,2,215,10,2,89,1,3,68,4,2,0
2021-11-13,610,36,5,888,39,9,64,4,1,95,8,1,239,18,3,323,14,4,103,4,0,182,4,1,154,8,0,218,10,2,50,4,1,69,4,1,0
2021-11-14,682,36,5,909,39,8,47,3,2,95,8,2,255,17,1,331,15,3,140,4,1,187,4,1,169,10,0,223,10,1,70,4,1,72,4,1,0
2021-11-15,1250,45,9,927,40,8,135,8,2,95,7,2,420,9,3,334,14,4,250,10,2,190,5,1,319,15,2,231,11,1,126,3,0,77,3,1,0
2021-11-16,1261,37,10,961,40,8,150,8,2,102,7,1,425,8,1,344,14,3,283,6,1,196,5,1,300,11,4,239,11,2,101,5,2,78,3,1,0
2021-11-17,1317,52,8,1001,41,8,161,11,1,108,7,2,429,18,1,355,15,3,282,10,2,203,6,1,347,12,3,252,11,2,98,3,1,83,3,1,0
2021-11-18,1283,47,8,1060,42,8,170,12,2,119,8,2,424,18,3,366,15,3,289,2,0,220,6,1,304,13,3,264,11,2,96,3,0,90,3,1,0
2021-11-19,1172,44,9,1082,42,8,111,4,1,120,7,2,349,18,2,363,15,2,268,5,1,231,6,1,328,17,5,274,12,2,116,2,0,94,3,1,0
2021-11-20,808,48,10,1110,44,8,71,8,2,121,8,2,275,19,3,368,15,2,140,6,1,236,6,1,243,13,4,287,13,3,79,2,0,98,3,1,0
2021-11-21,833,37,5,1132,44,8,71,4,1,124,8,2,292,12,1,373,15,2,148,7,0,237,7,1,231,12,2,296,13,3,91,3,1,101,3,1,0
2021-11-22,1504,51,7,1168,45,8,151,12,0,126,8,1,515,16,4,387,16,2,297,5,0,244,6,1,393,15,2,307,13,3,148,3,1,104,3,1,0
2021-11-23,1354,50,6,1182,47,8,142,9,1,125,9,1,472,18,4,394,17,3,286,3,0,244,5,1,348,17,1,313,14,3,105,5,0,105,3,0,0
2021-11-24,1393,57,10,1192,48,8,157,17,2,125,9,1,451,15,5,397,17,3,255,11,1,240,6,0,376,9,2,318,14,3,154,6,0,113,3,0,0
2021-11-25,532,56,8,1085,49,8,34,10,0,105,9,1,190,23,3,363,17,3,104,2,0,214,6,0,148,18,3,295,14,3,56,3,2,107,3,1,0
2021-11-26,1156,63,11,1083,52,8,142,14,2,110,11,1,360,18,3,365,17,3,198,8,1,204,6,0,344,16,4,298,14,3,111,8,1,106,4,1,0
2021-11-27,954,50,8,1104,52,8,100,7,1,114,10,1,297,19,3,368,17,3,155,6,1,206,6,0,296,15,2,305,15,2,105,5,1,110,5,1,0
2021-11-28,1056,49,8,1136,54,8,87,9,2,116,11,1,319,15,1,372,18,3,192,5,0,212,6,0,328,19,5,319,16,3,128,4,0,115,5,1,0
2021-11-29,2310,69,10,1251,56,9,285,12,1,135,11,1,661,26,5,393,19,3,454,7,1,235,6,1,670,19,3,359,16,3,238,6,0,128,5,1,0
2021-11-30,1962,73,6,1338,60,9,273,17,0,154,12,1,567,16,3,406,19,3,384,10,0,249,7,1,557,27,2,388,18,3,178,5,1,139,5,1,0
2021-12-01,2155,79,15,1446,63,9,277,13,3,171,12,1,693,26,7,441,20,4,398,17,0,269,8,0,571,23,3,416,20,3,216,3,2,147,5,1,0
2021-12-02,2057,71,14,1664,65,10,300,15,4,209,12,2,621,27,5,503,21,4,388,10,1,310,9,1,536,16,3,472,19,3,211,7,1,170,5,1,0
2021-12-03,1874,88,13,1767,68,11,239,22,1,223,14,2,580,22,7,534,22,4,312,13,1,326,10,1,542,28,2,500,21,3,201,7,2,182,5,1,0
2021-12-04,1292,78,10,1815,72,11,173,18,2,233,15,2,376,28,4,545,23,5,178,13,1,329,11,1,400,18,3,515,21,3,165,3,0,191,5,1,0
2021-12-05,1380,96,13,1861,79,12,120,16,0,238,16,2,455,30,6,565,25,5,235,16,3,336,12,1,408,28,4,526,23,3,162,8,0,196,6,1,0
2021-12-06,2734,111,8,1922,85,11,347,20,2,247,17,2,838,50,3,590,28,5,572,10,1,352,13,1,727,28,2,534,24,3,249,4,0,197,5,1,0
2021-12-07,2808,113,14,2043,91,12,322,28,4,254,19,2,879,31,4,635,31,5,634,14,0,388,13,1,711,36,3,556,25,3,262,7,3,209,6,1,0
2021-12-08,3038,104,6,2169,94,11,326,22,2,261,20,2,953,37,0,672,32,4,785,20,0,443,14,1,715,27,4,577,26,3,258,5,0,215,6,1,0
2021-12-09,2924,102,10,2293,99,11,344,23,4,267,21,2,885,31,3,709,33,4,709,14,1,489,14,1,721,29,2,603,28,3,264,6,0,223,6,1,0
2021-12-10,2967,122,16,2449,104,11,327,41,2,280,24,2,960,33,7,764,34,4,696,12,1,544,14,1,735,31,6,631,28,3,249,9,0,230,6,0,11000
2021-12-11,2075,88,7,2561,105,11,255,26,1,292,25,2,599,28,1,796,34,3,462,10,3,585,14,1,568,19,2,655,28,3,191,8,0,234,7,0,11000
2021-12-12,2555,94,16,2729,105,11,243,23,4,309,26,3,799,37,7,845,35,4,691,9,0,650,13,1,616,22,4,685,27,3,205,5,1,240,6,1,11000
2021-12-13,5859,111,16,3175,105,12,655,25,0,353,27,2,1845,38,5,989,34,4,1600,21,1,797,14,1,1346,21,8,773,26,4,410,8,2,263,7,1,11000
2021-12-14,7917,102,8,3905,103,11,774,27,0,418,27,2,2457,33,3,1214,34,4,2759,19,2,1100,15,1,1483,21,2,883,24,4,442,6,1,288,7,1,11000
2021-12-15,7481,107,8,4540,104,12,715,23,3,473,27,2,2454,39,1,1428,34,4,2524,14,2,1349,14,1,1372,25,1,977,24,4,414,7,1,311,7,1,11000
2021-12-16,4342,17,5,4742,92,11,572,0,2,506,24,2,1398,11,1,1502,31,4,1339,1,1,1439,12,1,852,4,0,996,20,3,178,3,1,298,7,1,11000
