,date_of_interest,7Day AVG,Count
0,2020-02-29,Cases,0
1,2020-03-01,Cases,0
2,2020-03-02,Cases,0
3,2020-03-03,Cases,0
4,2020-03-04,Cases,0
5,2020-03-05,Cases,0
6,2020-03-06,Cases,3
7,2020-03-07,Cases,3
8,2020-03-08,Cases,6
9,2020-03-09,Cases,15
10,2020-03-10,Cases,24
11,2020-03-11,Cases,46
12,2020-03-12,Cases,96
13,2020-03-13,Cases,183
14,2020-03-14,Cases,274
15,2020-03-15,Cases,419
16,2020-03-16,Cases,714
17,2020-03-17,Cases,1054
18,2020-03-18,Cases,1456
19,2020-03-19,Cases,1935
20,2020-03-20,Cases,2419
21,2020-03-21,Cases,2704
22,2020-03-22,Cases,2925
23,2020-03-23,Cases,3132
24,2020-03-24,Cases,3424
25,2020-03-25,Cases,3696
26,2020-03-26,Cases,3887
27,2020-03-27,Cases,4046
28,2020-03-28,Cases,4166
29,2020-03-29,Cases,4306
30,2020-03-30,Cases,4672
31,2020-03-31,Cases,4809
32,2020-04-01,Cases,4891
33,2020-04-02,Cases,4991
34,2020-04-03,Cases,5070
35,2020-04-04,Cases,5125
36,2020-04-05,Cases,5157
37,2020-04-06,Cases,5189
38,2020-04-07,Cases,5272
39,2020-04-08,Cases,5290
40,2020-04-09,Cases,5194
41,2020-04-10,Cases,5028
42,2020-04-11,Cases,5009
43,2020-04-12,Cases,4882
44,2020-04-13,Cases,4447
45,2020-04-14,Cases,4176
46,2020-04-15,Cases,3933
47,2020-04-16,Cases,3713
48,2020-04-17,Cases,3581
49,2020-04-18,Cases,3358
50,2020-04-19,Cases,3280
51,2020-04-20,Cases,3349
52,2020-04-21,Cases,3195
53,2020-04-22,Cases,3133
54,2020-04-23,Cases,3035
55,2020-04-24,Cases,2885
56,2020-04-25,Cases,2802
57,2020-04-26,Cases,2611
58,2020-04-27,Cases,2396
59,2020-04-28,Cases,2348
60,2020-04-29,Cases,2190
61,2020-04-30,Cases,2073
62,2020-05-01,Cases,1980
63,2020-05-02,Cases,1904
64,2020-05-03,Cases,1873
65,2020-05-04,Cases,1767
66,2020-05-05,Cases,1594
67,2020-05-06,Cases,1459
68,2020-05-07,Cases,1347
69,2020-05-08,Cases,1232
70,2020-05-09,Cases,1174
71,2020-05-10,Cases,1127
72,2020-05-11,Cases,1082
73,2020-05-12,Cases,1049
74,2020-05-13,Cases,1040
75,2020-05-14,Cases,1022
76,2020-05-15,Cases,992
77,2020-05-16,Cases,968
78,2020-05-17,Cases,954
79,2020-05-18,Cases,906
80,2020-05-19,Cases,866
81,2020-05-20,Cases,829
82,2020-05-21,Cases,823
83,2020-05-22,Cases,847
84,2020-05-23,Cases,842
85,2020-05-24,Cases,858
86,2020-05-25,Cases,796
87,2020-05-26,Cases,803
88,2020-05-27,Cases,755
89,2020-05-28,Cases,694
90,2020-05-29,Cases,637
91,2020-05-30,Cases,622
92,2020-05-31,Cases,588
93,2020-06-01,Cases,620
94,2020-06-02,Cases,551
95,2020-06-03,Cases,519
96,2020-06-04,Cases,501
97,2020-06-05,Cases,467
98,2020-06-06,Cases,453
99,2020-06-07,Cases,448
100,2020-06-08,Cases,414
101,2020-06-09,Cases,392
102,2020-06-10,Cases,371
103,2020-06-11,Cases,348
104,2020-06-12,Cases,349
105,2020-06-13,Cases,342
106,2020-06-14,Cases,340
107,2020-06-15,Cases,330
108,2020-06-16,Cases,330
109,2020-06-17,Cases,329
110,2020-06-18,Cases,331
111,2020-06-19,Cases,324
112,2020-06-20,Cases,325
113,2020-06-21,Cases,324
114,2020-06-22,Cases,327
115,2020-06-23,Cases,322
116,2020-06-24,Cases,325
117,2020-06-25,Cases,314
118,2020-06-26,Cases,308
119,2020-06-27,Cases,308
120,2020-06-28,Cases,312
121,2020-06-29,Cases,317
122,2020-06-30,Cases,326
123,2020-07-01,Cases,328
124,2020-07-02,Cases,345
125,2020-07-03,Cases,333
126,2020-07-04,Cases,321
127,2020-07-05,Cases,314
128,2020-07-06,Cases,313
129,2020-07-07,Cases,316
130,2020-07-08,Cases,322
131,2020-07-09,Cases,318
132,2020-07-10,Cases,329
133,2020-07-11,Cases,349
134,2020-07-12,Cases,358
135,2020-07-13,Cases,366
136,2020-07-14,Cases,357
137,2020-07-15,Cases,358
138,2020-07-16,Cases,361
139,2020-07-17,Cases,376
140,2020-07-18,Cases,370
141,2020-07-19,Cases,363
142,2020-07-20,Cases,351
143,2020-07-21,Cases,342
144,2020-07-22,Cases,327
145,2020-07-23,Cases,312
146,2020-07-24,Cases,295
147,2020-07-25,Cases,286
148,2020-07-26,Cases,281
149,2020-07-27,Cases,269
150,2020-07-28,Cases,265
151,2020-07-29,Cases,259
152,2020-07-30,Cases,254
153,2020-07-31,Cases,249
154,2020-08-01,Cases,254
155,2020-08-02,Cases,253
156,2020-08-03,Cases,258
157,2020-08-04,Cases,240
158,2020-08-05,Cases,242
159,2020-08-06,Cases,244
160,2020-08-07,Cases,243
161,2020-08-08,Cases,239
162,2020-08-09,Cases,238
163,2020-08-10,Cases,233
164,2020-08-11,Cases,244
165,2020-08-12,Cases,247
166,2020-08-13,Cases,246
167,2020-08-14,Cases,249
168,2020-08-15,Cases,247
169,2020-08-16,Cases,248
170,2020-08-17,Cases,251
171,2020-08-18,Cases,254
172,2020-08-19,Cases,245
173,2020-08-20,Cases,238
174,2020-08-21,Cases,235
175,2020-08-22,Cases,233
176,2020-08-23,Cases,234
177,2020-08-24,Cases,229
178,2020-08-25,Cases,229
179,2020-08-26,Cases,237
180,2020-08-27,Cases,244
181,2020-08-28,Cases,248
182,2020-08-29,Cases,246
183,2020-08-30,Cases,252
184,2020-08-31,Cases,254
185,2020-09-01,Cases,256
186,2020-09-02,Cases,250
187,2020-09-03,Cases,250
188,2020-09-04,Cases,242
189,2020-09-05,Cases,246
190,2020-09-06,Cases,249
191,2020-09-07,Cases,236
192,2020-09-08,Cases,250
193,2020-09-09,Cases,261
194,2020-09-10,Cases,269
195,2020-09-11,Cases,280
196,2020-09-12,Cases,287
197,2020-09-13,Cases,295
198,2020-09-14,Cases,330
199,2020-09-15,Cases,333
200,2020-09-16,Cases,348
201,2020-09-17,Cases,365
202,2020-09-18,Cases,362
203,2020-09-19,Cases,364
204,2020-09-20,Cases,358
205,2020-09-21,Cases,372
206,2020-09-22,Cases,383
207,2020-09-23,Cases,406
208,2020-09-24,Cases,420
209,2020-09-25,Cases,445
210,2020-09-26,Cases,454
211,2020-09-27,Cases,477
212,2020-09-28,Cases,459
213,2020-09-29,Cases,491
214,2020-09-30,Cases,490
215,2020-10-01,Cases,513
216,2020-10-02,Cases,534
217,2020-10-03,Cases,537
218,2020-10-04,Cases,530
219,2020-10-05,Cases,577
220,2020-10-06,Cases,555
221,2020-10-07,Cases,546
222,2020-10-08,Cases,520
223,2020-10-09,Cases,509
224,2020-10-10,Cases,511
225,2020-10-11,Cases,503
226,2020-10-12,Cases,468
227,2020-10-13,Cases,470
228,2020-10-14,Cases,476
229,2020-10-15,Cases,487
230,2020-10-16,Cases,484
231,2020-10-17,Cases,492
232,2020-10-18,Cases,510
233,2020-10-19,Cases,526
234,2020-10-20,Cases,528
235,2020-10-21,Cases,538
236,2020-10-22,Cases,560
237,2020-10-23,Cases,574
238,2020-10-24,Cases,577
239,2020-10-25,Cases,570
240,2020-10-26,Cases,579
241,2020-10-27,Cases,599
242,2020-10-28,Cases,618
243,2020-10-29,Cases,598
244,2020-10-30,Cases,606
245,2020-10-31,Cases,608
246,2020-11-01,Cases,628
247,2020-11-02,Cases,665
248,2020-11-03,Cases,688
249,2020-11-04,Cases,735
250,2020-11-05,Cases,809
251,2020-11-06,Cases,864
252,2020-11-07,Cases,927
253,2020-11-08,Cases,968
254,2020-11-09,Cases,1053
255,2020-11-10,Cases,1152
256,2020-11-11,Cases,1213
257,2020-11-12,Cases,1265
258,2020-11-13,Cases,1330
259,2020-11-14,Cases,1356
260,2020-11-15,Cases,1372
261,2020-11-16,Cases,1412
262,2020-11-17,Cases,1431
263,2020-11-18,Cases,1462
264,2020-11-19,Cases,1512
265,2020-11-20,Cases,1552
266,2020-11-21,Cases,1590
267,2020-11-22,Cases,1626
268,2020-11-23,Cases,1695
269,2020-11-24,Cases,1744
270,2020-11-25,Cases,1832
271,2020-11-26,Cases,1684
272,2020-11-27,Cases,1759
273,2020-11-28,Cases,1837
274,2020-11-29,Cases,1942
275,2020-11-30,Cases,2025
276,2020-12-01,Cases,2200
277,2020-12-02,Cases,2309
278,2020-12-03,Cases,2612
279,2020-12-04,Cases,2686
280,2020-12-05,Cases,2693
281,2020-12-06,Cases,2674
282,2020-12-07,Cases,2732
283,2020-12-08,Cases,2698
284,2020-12-09,Cases,2694
285,2020-12-10,Cases,2724
286,2020-12-11,Cases,2748
287,2020-12-12,Cases,2793
288,2020-12-13,Cases,2854
289,2020-12-14,Cases,2893
290,2020-12-15,Cases,2982
291,2020-12-16,Cases,2936
292,2020-12-17,Cases,2761
293,2020-12-18,Cases,2825
294,2020-12-19,Cases,2875
295,2020-12-20,Cases,2900
296,2020-12-21,Cases,3008
297,2020-12-22,Cases,3068
298,2020-12-23,Cases,3219
299,2020-12-24,Cases,3375
300,2020-12-25,Cases,3035
301,2020-12-26,Cases,3163
302,2020-12-27,Cases,3240
303,2020-12-28,Cases,3390
304,2020-12-29,Cases,3549
305,2020-12-30,Cases,3711
306,2020-12-31,Cases,3765
307,2021-01-01,Cases,3807
308,2021-01-02,Cases,3912
309,2021-01-03,Cases,3993
310,2021-01-04,Cases,4165
311,2021-01-05,Cases,4300
312,2021-01-06,Cases,4399
313,2021-01-07,Cases,4690
314,2021-01-08,Cases,5256
315,2021-01-09,Cases,5184
316,2021-01-10,Cases,5148
317,2021-01-11,Cases,5050
318,2021-01-12,Cases,4919
319,2021-01-13,Cases,4847
320,2021-01-14,Cases,4822
321,2021-01-15,Cases,4757
322,2021-01-16,Cases,4727
323,2021-01-17,Cases,4687
324,2021-01-18,Cases,4506
325,2021-01-19,Cases,4493
326,2021-01-20,Cases,4455
327,2021-01-21,Cases,4409
328,2021-01-22,Cases,4390
329,2021-01-23,Cases,4361
330,2021-01-24,Cases,4352
331,2021-01-25,Cases,4498
332,2021-01-26,Cases,4434
333,2021-01-27,Cases,4417
334,2021-01-28,Cases,4379
335,2021-01-29,Cases,4230
336,2021-01-30,Cases,4170
337,2021-01-31,Cases,4176
338,2021-02-01,Cases,3506
339,2021-02-02,Cases,3215
340,2021-02-03,Cases,3267
341,2021-02-04,Cases,3293
342,2021-02-05,Cases,3363
343,2021-02-06,Cases,3395
344,2021-02-07,Cases,3217
345,2021-02-08,Cases,3710
346,2021-02-09,Cases,3863
347,2021-02-10,Cases,3668
348,2021-02-11,Cases,3462
349,2021-02-12,Cases,3342
350,2021-02-13,Cases,3217
351,2021-02-14,Cases,3252
352,2021-02-15,Cases,3028
353,2021-02-16,Cases,3027
354,2021-02-17,Cases,2979
355,2021-02-18,Cases,2784
356,2021-02-19,Cases,2741
357,2021-02-20,Cases,2783
358,2021-02-21,Cases,2838
359,2021-02-22,Cases,2946
360,2021-02-23,Cases,2910
361,2021-02-24,Cases,2914
362,2021-02-25,Cases,3118
363,2021-02-26,Cases,3150
364,2021-02-27,Cases,3082
365,2021-02-28,Cases,3046
366,2021-03-01,Cases,3062
367,2021-03-02,Cases,3010
368,2021-03-03,Cases,2979
369,2021-03-04,Cases,2927
370,2021-03-05,Cases,2877
371,2021-03-06,Cases,2881
372,2021-03-07,Cases,2858
373,2021-03-08,Cases,2811
374,2021-03-09,Cases,2844
375,2021-03-10,Cases,2839
376,2021-03-11,Cases,2837
377,2021-03-12,Cases,2882
378,2021-03-13,Cases,2900
379,2021-03-14,Cases,2907
380,2021-03-15,Cases,2906
381,2021-03-16,Cases,2886
382,2021-03-17,Cases,2881
383,2021-03-18,Cases,2854
384,2021-03-19,Cases,2832
385,2021-03-20,Cases,2829
386,2021-03-21,Cases,2853
387,2021-03-22,Cases,2923
388,2021-03-23,Cases,2931
389,2021-03-24,Cases,2971
390,2021-03-25,Cases,3097
391,2021-03-26,Cases,3150
392,2021-03-27,Cases,3159
393,2021-03-28,Cases,3111
394,2021-03-29,Cases,3064
395,2021-03-30,Cases,3055
396,2021-03-31,Cases,3017
397,2021-04-01,Cases,2884
398,2021-04-02,Cases,2770
399,2021-04-03,Cases,2745
400,2021-04-04,Cases,2705
401,2021-04-05,Cases,2664
402,2021-04-06,Cases,2637
403,2021-04-07,Cases,2577
404,2021-04-08,Cases,2535
405,2021-04-09,Cases,2513
406,2021-04-10,Cases,2467
407,2021-04-11,Cases,2445
408,2021-04-12,Cases,2340
409,2021-04-13,Cases,2248
410,2021-04-14,Cases,2174
411,2021-04-15,Cases,2094
412,2021-04-16,Cases,2004
413,2021-04-17,Cases,1940
414,2021-04-18,Cases,1903
415,2021-04-19,Cases,1810
416,2021-04-20,Cases,1701
417,2021-04-21,Cases,1583
418,2021-04-22,Cases,1490
419,2021-04-23,Cases,1412
420,2021-04-24,Cases,1351
421,2021-04-25,Cases,1309
422,2021-04-26,Cases,1236
423,2021-04-27,Cases,1169
424,2021-04-28,Cases,1140
425,2021-04-29,Cases,1097
426,2021-04-30,Cases,1050
427,2021-05-01,Cases,1011
428,2021-05-02,Cases,984
429,2021-05-03,Cases,922
430,2021-05-04,Cases,885
431,2021-05-05,Cases,823
432,2021-05-06,Cases,784
433,2021-05-07,Cases,749
434,2021-05-08,Cases,721
435,2021-05-09,Cases,689
436,2021-05-10,Cases,649
437,2021-05-11,Cases,613
438,2021-05-12,Cases,586
439,2021-05-13,Cases,548
440,2021-05-14,Cases,515
441,2021-05-15,Cases,502
442,2021-05-16,Cases,493
443,2021-05-17,Cases,464
444,2021-05-18,Cases,434
445,2021-05-19,Cases,403
446,2021-05-20,Cases,385
447,2021-05-21,Cases,366
448,2021-05-22,Cases,357
449,2021-05-23,Cases,344
450,2021-05-24,Cases,330
451,2021-05-25,Cases,314
452,2021-05-26,Cases,296
453,2021-05-27,Cases,276
454,2021-05-28,Cases,257
455,2021-05-29,Cases,241
456,2021-05-30,Cases,232
457,2021-05-31,Cases,198
458,2021-06-01,Cases,195
459,2021-06-02,Cases,195
460,2021-06-03,Cases,187
461,2021-06-04,Cases,189
462,2021-06-05,Cases,192
463,2021-06-06,Cases,193
464,2021-06-07,Cases,208
465,2021-06-08,Cases,192
466,2021-06-09,Cases,187
467,2021-06-10,Cases,180
468,2021-06-11,Cases,174
469,2021-06-12,Cases,171
470,2021-06-13,Cases,169
471,2021-06-14,Cases,164
472,2021-06-15,Cases,164
473,2021-06-16,Cases,159
474,2021-06-17,Cases,163
475,2021-06-18,Cases,159
476,2021-06-19,Cases,157
477,2021-06-20,Cases,155
478,2021-06-21,Cases,153
479,2021-06-22,Cases,152
480,2021-06-23,Cases,153
481,2021-06-24,Cases,152
482,2021-06-25,Cases,155
483,2021-06-26,Cases,156
484,2021-06-27,Cases,158
485,2021-06-28,Cases,164
486,2021-06-29,Cases,170
487,2021-06-30,Cases,175
488,2021-07-01,Cases,180
489,2021-07-02,Cases,187
490,2021-07-03,Cases,191
491,2021-07-04,Cases,193
492,2021-07-05,Cases,190
493,2021-07-06,Cases,211
494,2021-07-07,Cases,236
495,2021-07-08,Cases,259
496,2021-07-09,Cases,279
497,2021-07-10,Cases,292
498,2021-07-11,Cases,313
499,2021-07-12,Cases,354
500,2021-07-13,Cases,368
501,2021-07-14,Cases,389
502,2021-07-15,Cases,416
503,2021-07-16,Cases,442
504,2021-07-17,Cases,457
505,2021-07-18,Cases,475
506,2021-07-19,Cases,523
507,2021-07-20,Cases,558
508,2021-07-21,Cases,608
509,2021-07-22,Cases,667
510,2021-07-23,Cases,719
511,2021-07-24,Cases,749
512,2021-07-25,Cases,783
513,2021-07-26,Cases,842
514,2021-07-27,Cases,912
515,2021-07-28,Cases,962
516,2021-07-29,Cases,1008
517,2021-07-30,Cases,1060
518,2021-07-31,Cases,1102
519,2021-08-01,Cases,1130
520,2021-08-02,Cases,1179
521,2021-08-03,Cases,1234
522,2021-08-04,Cases,1286
523,2021-08-05,Cases,1320
524,2021-08-06,Cases,1362
525,2021-08-07,Cases,1405
526,2021-08-08,Cases,1440
527,2021-08-09,Cases,1486
528,2021-08-10,Cases,1498
529,2021-08-11,Cases,1518
530,2021-08-12,Cases,1552
531,2021-08-13,Cases,1555
532,2021-08-14,Cases,1541
533,2021-08-15,Cases,1551
534,2021-08-16,Cases,1556
535,2021-08-17,Cases,1567
536,2021-08-18,Cases,1576
537,2021-08-19,Cases,1566
538,2021-08-20,Cases,1561
539,2021-08-21,Cases,1567
540,2021-08-22,Cases,1507
541,2021-08-23,Cases,1510
542,2021-08-24,Cases,1523
543,2021-08-25,Cases,1519
544,2021-08-26,Cases,1512
545,2021-08-27,Cases,1496
546,2021-08-28,Cases,1481
547,2021-08-29,Cases,1519
548,2021-08-30,Cases,1502
549,2021-08-31,Cases,1472
550,2021-09-01,Cases,1439
551,2021-09-02,Cases,1409
552,2021-09-03,Cases,1405
553,2021-09-04,Cases,1394
554,2021-09-05,Cases,1388
555,2021-09-06,Cases,1261
556,2021-09-07,Cases,1254
557,2021-09-08,Cases,1258
558,2021-09-09,Cases,1298
559,2021-09-10,Cases,1316
560,2021-09-11,Cases,1334
561,2021-09-12,Cases,1372
562,2021-09-13,Cases,1485
563,2021-09-14,Cases,1495
564,2021-09-15,Cases,1498
565,2021-09-16,Cases,1451
566,2021-09-17,Cases,1449
567,2021-09-18,Cases,1437
568,2021-09-19,Cases,1415
569,2021-09-20,Cases,1401
570,2021-09-21,Cases,1352
571,2021-09-22,Cases,1326
572,2021-09-23,Cases,1313
573,2021-09-24,Cases,1270
574,2021-09-25,Cases,1251
575,2021-09-26,Cases,1221
576,2021-09-27,Cases,1185
577,2021-09-28,Cases,1159
578,2021-09-29,Cases,1112
579,2021-09-30,Cases,1090
580,2021-10-01,Cases,1069
581,2021-10-02,Cases,1050
582,2021-10-03,Cases,1056
583,2021-10-04,Cases,1039
584,2021-10-05,Cases,1060
585,2021-10-06,Cases,1066
586,2021-10-07,Cases,1058
587,2021-10-08,Cases,1047
588,2021-10-09,Cases,1037
589,2021-10-10,Cases,1007
590,2021-10-11,Cases,958
591,2021-10-12,Cases,939
592,2021-10-13,Cases,934
593,2021-10-14,Cases,927
594,2021-10-15,Cases,909
595,2021-10-16,Cases,891
596,2021-10-17,Cases,877
597,2021-10-18,Cases,867
598,2021-10-19,Cases,816
599,2021-10-20,Cases,772
600,2021-10-21,Cases,741
601,2021-10-22,Cases,712
602,2021-10-23,Cases,707
603,2021-10-24,Cases,686
604,2021-10-25,Cases,690
605,2021-10-26,Cases,662
606,2021-10-27,Cases,657
607,2021-10-28,Cases,646
608,2021-10-29,Cases,640
609,2021-10-30,Cases,633
610,2021-10-31,Cases,633
611,2021-11-01,Cases,618
612,2021-11-02,Cases,647
613,2021-11-03,Cases,656
614,2021-11-04,Cases,679
615,2021-11-05,Cases,697
616,2021-11-06,Cases,712
617,2021-11-07,Cases,725
618,2021-11-08,Cases,775
619,2021-11-09,Cases,807
620,2021-11-10,Cases,839
621,2021-11-11,Cases,835
622,2021-11-12,Cases,872
623,2021-11-13,Cases,888
624,2021-11-14,Cases,909
625,2021-11-15,Cases,927
626,2021-11-16,Cases,961
627,2021-11-17,Cases,1001
628,2021-11-18,Cases,1060
629,2021-11-19,Cases,1082
630,2021-11-20,Cases,1110
631,2021-11-21,Cases,1132
632,2021-11-22,Cases,1168
633,2021-11-23,Cases,1182
634,2021-11-24,Cases,1192
635,2021-11-25,Cases,1085
636,2021-11-26,Cases,1083
637,2021-11-27,Cases,1104
638,2021-11-28,Cases,1136
639,2021-11-29,Cases,1251
640,2021-11-30,Cases,1338
641,2021-12-01,Cases,1446
642,2021-12-02,Cases,1664
643,2021-12-03,Cases,1767
644,2021-12-04,Cases,1815
645,2021-12-05,Cases,1861
646,2021-12-06,Cases,1922
647,2021-12-07,Cases,2043
648,2021-12-08,Cases,2169
649,2021-12-09,Cases,2293
650,2021-12-10,Cases,2449
651,2021-12-11,Cases,2561
652,2021-12-12,Cases,2729
653,2021-12-13,Cases,3175
654,2021-12-14,Cases,3905
655,2021-12-15,Cases,4540
656,2021-12-16,Cases,4742
657,2020-02-29,Hospitalizations,0
658,2020-03-01,Hospitalizations,0
659,2020-03-02,Hospitalizations,0
660,2020-03-03,Hospitalizations,0
661,2020-03-04,Hospitalizations,0
662,2020-03-05,Hospitalizations,0
663,2020-03-06,Hospitalizations,5
664,2020-03-07,Hospitalizations,6
665,2020-03-08,Hospitalizations,8
666,2020-03-09,Hospitalizations,13
667,2020-03-10,Hospitalizations,21
668,2020-03-11,Hospitalizations,32
669,2020-03-12,Hospitalizations,45
670,2020-03-13,Hospitalizations,66
671,2020-03-14,Hospitalizations,90
672,2020-03-15,Hospitalizations,117
673,2020-03-16,Hospitalizations,160
674,2020-03-17,Hospitalizations,207
675,2020-03-18,Hospitalizations,266
676,2020-03-19,Hospitalizations,342
677,2020-03-20,Hospitalizations,425
678,2020-03-21,Hospitalizations,506
679,2020-03-22,Hospitalizations,587
680,2020-03-23,Hospitalizations,701
681,2020-03-24,Hospitalizations,832
682,2020-03-25,Hospitalizations,964
683,2020-03-26,Hospitalizations,1093
684,2020-03-27,Hospitalizations,1211
685,2020-03-28,Hospitalizations,1303
686,2020-03-29,Hospitalizations,1407
687,2020-03-30,Hospitalizations,1508
688,2020-03-31,Hospitalizations,1576
689,2020-04-01,Hospitalizations,1620
690,2020-04-02,Hospitalizations,1639
691,2020-04-03,Hospitalizations,1658
692,2020-04-04,Hospitalizations,1667
693,2020-04-05,Hospitalizations,1653
694,2020-04-06,Hospitalizations,1637
695,2020-04-07,Hospitalizations,1608
696,2020-04-08,Hospitalizations,1581
697,2020-04-09,Hospitalizations,1535
698,2020-04-10,Hospitalizations,1475
699,2020-04-11,Hospitalizations,1417
700,2020-04-12,Hospitalizations,1352
701,2020-04-13,Hospitalizations,1267
702,2020-04-14,Hospitalizations,1182
703,2020-04-15,Hospitalizations,1084
704,2020-04-16,Hospitalizations,1004
705,2020-04-17,Hospitalizations,933
706,2020-04-18,Hospitalizations,868
707,2020-04-19,Hospitalizations,809
708,2020-04-20,Hospitalizations,735
709,2020-04-21,Hospitalizations,679
710,2020-04-22,Hospitalizations,630
711,2020-04-23,Hospitalizations,582
712,2020-04-24,Hospitalizations,536
713,2020-04-25,Hospitalizations,498
714,2020-04-26,Hospitalizations,467
715,2020-04-27,Hospitalizations,430
716,2020-04-28,Hospitalizations,396
717,2020-04-29,Hospitalizations,367
718,2020-04-30,Hospitalizations,340
719,2020-05-01,Hospitalizations,311
720,2020-05-02,Hospitalizations,294
721,2020-05-03,Hospitalizations,281
722,2020-05-04,Hospitalizations,262
723,2020-05-05,Hospitalizations,242
724,2020-05-06,Hospitalizations,228
725,2020-05-07,Hospitalizations,217
726,2020-05-08,Hospitalizations,204
727,2020-05-09,Hospitalizations,192
728,2020-05-10,Hospitalizations,176
729,2020-05-11,Hospitalizations,168
730,2020-05-12,Hospitalizations,153
731,2020-05-13,Hospitalizations,141
732,2020-05-14,Hospitalizations,137
733,2020-05-15,Hospitalizations,130
734,2020-05-16,Hospitalizations,126
735,2020-05-17,Hospitalizations,123
736,2020-05-18,Hospitalizations,113
737,2020-05-19,Hospitalizations,114
738,2020-05-20,Hospitalizations,107
739,2020-05-21,Hospitalizations,99
740,2020-05-22,Hospitalizations,95
741,2020-05-23,Hospitalizations,93
742,2020-05-24,Hospitalizations,94
743,2020-05-25,Hospitalizations,88
744,2020-05-26,Hospitalizations,83
745,2020-05-27,Hospitalizations,82
746,2020-05-28,Hospitalizations,82
747,2020-05-29,Hospitalizations,79
748,2020-05-30,Hospitalizations,76
749,2020-05-31,Hospitalizations,72
750,2020-06-01,Hospitalizations,73
751,2020-06-02,Hospitalizations,71
752,2020-06-03,Hospitalizations,71
753,2020-06-04,Hospitalizations,70
754,2020-06-05,Hospitalizations,66
755,2020-06-06,Hospitalizations,64
756,2020-06-07,Hospitalizations,63
757,2020-06-08,Hospitalizations,60
758,2020-06-09,Hospitalizations,60
759,2020-06-10,Hospitalizations,59
760,2020-06-11,Hospitalizations,55
761,2020-06-12,Hospitalizations,55
762,2020-06-13,Hospitalizations,54
763,2020-06-14,Hospitalizations,53
764,2020-06-15,Hospitalizations,52
765,2020-06-16,Hospitalizations,51
766,2020-06-17,Hospitalizations,49
767,2020-06-18,Hospitalizations,51
768,2020-06-19,Hospitalizations,50
769,2020-06-20,Hospitalizations,49
770,2020-06-21,Hospitalizations,48
771,2020-06-22,Hospitalizations,48
772,2020-06-23,Hospitalizations,45
773,2020-06-24,Hospitalizations,46
774,2020-06-25,Hospitalizations,43
775,2020-06-26,Hospitalizations,42
776,2020-06-27,Hospitalizations,44
777,2020-06-28,Hospitalizations,42
778,2020-06-29,Hospitalizations,42
779,2020-06-30,Hospitalizations,42
780,2020-07-01,Hospitalizations,40
781,2020-07-02,Hospitalizations,40
782,2020-07-03,Hospitalizations,40
783,2020-07-04,Hospitalizations,38
784,2020-07-05,Hospitalizations,38
785,2020-07-06,Hospitalizations,39
786,2020-07-07,Hospitalizations,39
787,2020-07-08,Hospitalizations,38
788,2020-07-09,Hospitalizations,38
789,2020-07-10,Hospitalizations,40
790,2020-07-11,Hospitalizations,41
791,2020-07-12,Hospitalizations,41
792,2020-07-13,Hospitalizations,40
793,2020-07-14,Hospitalizations,39
794,2020-07-15,Hospitalizations,41
795,2020-07-16,Hospitalizations,39
796,2020-07-17,Hospitalizations,40
797,2020-07-18,Hospitalizations,39
798,2020-07-19,Hospitalizations,41
799,2020-07-20,Hospitalizations,39
800,2020-07-21,Hospitalizations,36
801,2020-07-22,Hospitalizations,36
802,2020-07-23,Hospitalizations,35
803,2020-07-24,Hospitalizations,34
804,2020-07-25,Hospitalizations,35
805,2020-07-26,Hospitalizations,33
806,2020-07-27,Hospitalizations,34
807,2020-07-28,Hospitalizations,35
808,2020-07-29,Hospitalizations,34
809,2020-07-30,Hospitalizations,35
810,2020-07-31,Hospitalizations,34
811,2020-08-01,Hospitalizations,33
812,2020-08-02,Hospitalizations,34
813,2020-08-03,Hospitalizations,34
814,2020-08-04,Hospitalizations,33
815,2020-08-05,Hospitalizations,34
816,2020-08-06,Hospitalizations,34
817,2020-08-07,Hospitalizations,32
818,2020-08-08,Hospitalizations,31
819,2020-08-09,Hospitalizations,30
820,2020-08-10,Hospitalizations,31
821,2020-08-11,Hospitalizations,30
822,2020-08-12,Hospitalizations,29
823,2020-08-13,Hospitalizations,29
824,2020-08-14,Hospitalizations,31
825,2020-08-15,Hospitalizations,32
826,2020-08-16,Hospitalizations,31
827,2020-08-17,Hospitalizations,30
828,2020-08-18,Hospitalizations,32
829,2020-08-19,Hospitalizations,33
830,2020-08-20,Hospitalizations,32
831,2020-08-21,Hospitalizations,31
832,2020-08-22,Hospitalizations,32
833,2020-08-23,Hospitalizations,32
834,2020-08-24,Hospitalizations,32
835,2020-08-25,Hospitalizations,33
836,2020-08-26,Hospitalizations,31
837,2020-08-27,Hospitalizations,31
838,2020-08-28,Hospitalizations,29
839,2020-08-29,Hospitalizations,29
840,2020-08-30,Hospitalizations,28
841,2020-08-31,Hospitalizations,29
842,2020-09-01,Hospitalizations,26
843,2020-09-02,Hospitalizations,26
844,2020-09-03,Hospitalizations,24
845,2020-09-04,Hospitalizations,26
846,2020-09-05,Hospitalizations,26
847,2020-09-06,Hospitalizations,27
848,2020-09-07,Hospitalizations,24
849,2020-09-08,Hospitalizations,25
850,2020-09-09,Hospitalizations,26
851,2020-09-10,Hospitalizations,27
852,2020-09-11,Hospitalizations,27
853,2020-09-12,Hospitalizations,25
854,2020-09-13,Hospitalizations,23
855,2020-09-14,Hospitalizations,25
856,2020-09-15,Hospitalizations,26
857,2020-09-16,Hospitalizations,27
858,2020-09-17,Hospitalizations,29
859,2020-09-18,Hospitalizations,29
860,2020-09-19,Hospitalizations,31
861,2020-09-20,Hospitalizations,31
862,2020-09-21,Hospitalizations,31
863,2020-09-22,Hospitalizations,31
864,2020-09-23,Hospitalizations,30
865,2020-09-24,Hospitalizations,31
866,2020-09-25,Hospitalizations,33
867,2020-09-26,Hospitalizations,33
868,2020-09-27,Hospitalizations,35
869,2020-09-28,Hospitalizations,37
870,2020-09-29,Hospitalizations,39
871,2020-09-30,Hospitalizations,41
872,2020-10-01,Hospitalizations,41
873,2020-10-02,Hospitalizations,42
874,2020-10-03,Hospitalizations,41
875,2020-10-04,Hospitalizations,42
876,2020-10-05,Hospitalizations,45
877,2020-10-06,Hospitalizations,45
878,2020-10-07,Hospitalizations,44
879,2020-10-08,Hospitalizations,44
880,2020-10-09,Hospitalizations,45
881,2020-10-10,Hospitalizations,47
882,2020-10-11,Hospitalizations,47
883,2020-10-12,Hospitalizations,47
884,2020-10-13,Hospitalizations,47
885,2020-10-14,Hospitalizations,49
886,2020-10-15,Hospitalizations,53
887,2020-10-16,Hospitalizations,52
888,2020-10-17,Hospitalizations,52
889,2020-10-18,Hospitalizations,51
890,2020-10-19,Hospitalizations,53
891,2020-10-20,Hospitalizations,56
892,2020-10-21,Hospitalizations,55
893,2020-10-22,Hospitalizations,52
894,2020-10-23,Hospitalizations,54
895,2020-10-24,Hospitalizations,56
896,2020-10-25,Hospitalizations,56
897,2020-10-26,Hospitalizations,54
898,2020-10-27,Hospitalizations,51
899,2020-10-28,Hospitalizations,50
900,2020-10-29,Hospitalizations,50
901,2020-10-30,Hospitalizations,50
902,2020-10-31,Hospitalizations,50
903,2020-11-01,Hospitalizations,52
904,2020-11-02,Hospitalizations,53
905,2020-11-03,Hospitalizations,57
906,2020-11-04,Hospitalizations,60
907,2020-11-05,Hospitalizations,63
908,2020-11-06,Hospitalizations,64
909,2020-11-07,Hospitalizations,66
910,2020-11-08,Hospitalizations,67
911,2020-11-09,Hospitalizations,69
912,2020-11-10,Hospitalizations,71
913,2020-11-11,Hospitalizations,75
914,2020-11-12,Hospitalizations,75
915,2020-11-13,Hospitalizations,79
916,2020-11-14,Hospitalizations,84
917,2020-11-15,Hospitalizations,88
918,2020-11-16,Hospitalizations,94
919,2020-11-17,Hospitalizations,96
920,2020-11-18,Hospitalizations,99
921,2020-11-19,Hospitalizations,107
922,2020-11-20,Hospitalizations,112
923,2020-11-21,Hospitalizations,116
924,2020-11-22,Hospitalizations,119
925,2020-11-23,Hospitalizations,123
926,2020-11-24,Hospitalizations,127
927,2020-11-25,Hospitalizations,130
928,2020-11-26,Hospitalizations,133
929,2020-11-27,Hospitalizations,137
930,2020-11-28,Hospitalizations,137
931,2020-11-29,Hospitalizations,145
932,2020-11-30,Hospitalizations,150
933,2020-12-01,Hospitalizations,161
934,2020-12-02,Hospitalizations,165
935,2020-12-03,Hospitalizations,173
936,2020-12-04,Hospitalizations,176
937,2020-12-05,Hospitalizations,184
938,2020-12-06,Hospitalizations,185
939,2020-12-07,Hospitalizations,190
940,2020-12-08,Hospitalizations,193
941,2020-12-09,Hospitalizations,208
942,2020-12-10,Hospitalizations,212
943,2020-12-11,Hospitalizations,222
944,2020-12-12,Hospitalizations,226
945,2020-12-13,Hospitalizations,234
946,2020-12-14,Hospitalizations,239
947,2020-12-15,Hospitalizations,241
948,2020-12-16,Hospitalizations,232
949,2020-12-17,Hospitalizations,230
950,2020-12-18,Hospitalizations,233
951,2020-12-19,Hospitalizations,238
952,2020-12-20,Hospitalizations,240
953,2020-12-21,Hospitalizations,249
954,2020-12-22,Hospitalizations,256
955,2020-12-23,Hospitalizations,269
956,2020-12-24,Hospitalizations,276
957,2020-12-25,Hospitalizations,275
958,2020-12-26,Hospitalizations,279
959,2020-12-27,Hospitalizations,280
960,2020-12-28,Hospitalizations,282
961,2020-12-29,Hospitalizations,287
962,2020-12-30,Hospitalizations,289
963,2020-12-31,Hospitalizations,290
964,2021-01-01,Hospitalizations,296
965,2021-01-02,Hospitalizations,303
966,2021-01-03,Hospitalizations,311
967,2021-01-04,Hospitalizations,319
968,2021-01-05,Hospitalizations,323
969,2021-01-06,Hospitalizations,332
970,2021-01-07,Hospitalizations,344
971,2021-01-08,Hospitalizations,351
972,2021-01-09,Hospitalizations,352
973,2021-01-10,Hospitalizations,353
974,2021-01-11,Hospitalizations,352
975,2021-01-12,Hospitalizations,358
976,2021-01-13,Hospitalizations,366
977,2021-01-14,Hospitalizations,376
978,2021-01-15,Hospitalizations,382
979,2021-01-16,Hospitalizations,388
980,2021-01-17,Hospitalizations,392
981,2021-01-18,Hospitalizations,398
982,2021-01-19,Hospitalizations,397
983,2021-01-20,Hospitalizations,388
984,2021-01-21,Hospitalizations,385
985,2021-01-22,Hospitalizations,391
986,2021-01-23,Hospitalizations,384
987,2021-01-24,Hospitalizations,385
988,2021-01-25,Hospitalizations,379
989,2021-01-26,Hospitalizations,377
990,2021-01-27,Hospitalizations,385
991,2021-01-28,Hospitalizations,381
992,2021-01-29,Hospitalizations,377
993,2021-01-30,Hospitalizations,369
994,2021-01-31,Hospitalizations,364
995,2021-02-01,Hospitalizations,348
996,2021-02-02,Hospitalizations,353
997,2021-02-03,Hospitalizations,357
998,2021-02-04,Hospitalizations,362
999,2021-02-05,Hospitalizations,368
1000,2021-02-06,Hospitalizations,382
1001,2021-02-07,Hospitalizations,383
1002,2021-02-08,Hospitalizations,398
1003,2021-02-09,Hospitalizations,397
1004,2021-02-10,Hospitalizations,386
1005,2021-02-11,Hospitalizations,370
1006,2021-02-12,Hospitalizations,356
1007,2021-02-13,Hospitalizations,344
1008,2021-02-14,Hospitalizations,335
1009,2021-02-15,Hospitalizations,325
1010,2021-02-16,Hospitalizations,319
1011,2021-02-17,Hospitalizations,309
1012,2021-02-18,Hospitalizations,300
1013,2021-02-19,Hospitalizations,295
1014,2021-02-20,Hospitalizations,297
1015,2021-02-21,Hospitalizations,301
1016,2021-02-22,Hospitalizations,304
1017,2021-02-23,Hospitalizations,301
1018,2021-02-24,Hospitalizations,310
1019,2021-02-25,Hospitalizations,314
1020,2021-02-26,Hospitalizations,317
1021,2021-02-27,Hospitalizations,310
1022,2021-02-28,Hospitalizations,306
1023,2021-03-01,Hospitalizations,302
1024,2021-03-02,Hospitalizations,294
1025,2021-03-03,Hospitalizations,287
1026,2021-03-04,Hospitalizations,288
1027,2021-03-05,Hospitalizations,278
1028,2021-03-06,Hospitalizations,278
1029,2021-03-07,Hospitalizations,279
1030,2021-03-08,Hospitalizations,274
1031,2021-03-09,Hospitalizations,276
1032,2021-03-10,Hospitalizations,272
1033,2021-03-11,Hospitalizations,272
1034,2021-03-12,Hospitalizations,277
1035,2021-03-13,Hospitalizations,273
1036,2021-03-14,Hospitalizations,274
1037,2021-03-15,Hospitalizations,274
1038,2021-03-16,Hospitalizations,269
1039,2021-03-17,Hospitalizations,268
1040,2021-03-18,Hospitalizations,270
1041,2021-03-19,Hospitalizations,265
1042,2021-03-20,Hospitalizations,271
1043,2021-03-21,Hospitalizations,273
1044,2021-03-22,Hospitalizations,278
1045,2021-03-23,Hospitalizations,283
1046,2021-03-24,Hospitalizations,285
1047,2021-03-25,Hospitalizations,286
1048,2021-03-26,Hospitalizations,293
1049,2021-03-27,Hospitalizations,293
1050,2021-03-28,Hospitalizations,284
1051,2021-03-29,Hospitalizations,281
1052,2021-03-30,Hospitalizations,278
1053,2021-03-31,Hospitalizations,278
1054,2021-04-01,Hospitalizations,271
1055,2021-04-02,Hospitalizations,264
1056,2021-04-03,Hospitalizations,260
1057,2021-04-04,Hospitalizations,262
1058,2021-04-05,Hospitalizations,256
1059,2021-04-06,Hospitalizations,251
1060,2021-04-07,Hospitalizations,241
1061,2021-04-08,Hospitalizations,234
1062,2021-04-09,Hospitalizations,226
1063,2021-04-10,Hospitalizations,220
1064,2021-04-11,Hospitalizations,212
1065,2021-04-12,Hospitalizations,203
1066,2021-04-13,Hospitalizations,199
1067,2021-04-14,Hospitalizations,195
1068,2021-04-15,Hospitalizations,196
1069,2021-04-16,Hospitalizations,195
1070,2021-04-17,Hospitalizations,191
1071,2021-04-18,Hospitalizations,192
1072,2021-04-19,Hospitalizations,188
1073,2021-04-20,Hospitalizations,181
1074,2021-04-21,Hospitalizations,169
1075,2021-04-22,Hospitalizations,161
1076,2021-04-23,Hospitalizations,155
1077,2021-04-24,Hospitalizations,146
1078,2021-04-25,Hospitalizations,140
1079,2021-04-26,Hospitalizations,136
1080,2021-04-27,Hospitalizations,130
1081,2021-04-28,Hospitalizations,132
1082,2021-04-29,Hospitalizations,126
1083,2021-04-30,Hospitalizations,117
1084,2021-05-01,Hospitalizations,113
1085,2021-05-02,Hospitalizations,106
1086,2021-05-03,Hospitalizations,98
1087,2021-05-04,Hospitalizations,95
1088,2021-05-05,Hospitalizations,88
1089,2021-05-06,Hospitalizations,83
1090,2021-05-07,Hospitalizations,80
1091,2021-05-08,Hospitalizations,78
1092,2021-05-09,Hospitalizations,76
1093,2021-05-10,Hospitalizations,74
1094,2021-05-11,Hospitalizations,70
1095,2021-05-12,Hospitalizations,68
1096,2021-05-13,Hospitalizations,66
1097,2021-05-14,Hospitalizations,66
1098,2021-05-15,Hospitalizations,62
1099,2021-05-16,Hospitalizations,59
1100,2021-05-17,Hospitalizations,60
1101,2021-05-18,Hospitalizations,57
1102,2021-05-19,Hospitalizations,57
1103,2021-05-20,Hospitalizations,56
1104,2021-05-21,Hospitalizations,54
1105,2021-05-22,Hospitalizations,53
1106,2021-05-23,Hospitalizations,54
1107,2021-05-24,Hospitalizations,49
1108,2021-05-25,Hospitalizations,47
1109,2021-05-26,Hospitalizations,43
1110,2021-05-27,Hospitalizations,41
1111,2021-05-28,Hospitalizations,38
1112,2021-05-29,Hospitalizations,37
1113,2021-05-30,Hospitalizations,34
1114,2021-05-31,Hospitalizations,32
1115,2021-06-01,Hospitalizations,31
1116,2021-06-02,Hospitalizations,32
1117,2021-06-03,Hospitalizations,30
1118,2021-06-04,Hospitalizations,28
1119,2021-06-05,Hospitalizations,27
1120,2021-06-06,Hospitalizations,27
1121,2021-06-07,Hospitalizations,29
1122,2021-06-08,Hospitalizations,30
1123,2021-06-09,Hospitalizations,27
1124,2021-06-10,Hospitalizations,26
1125,2021-06-11,Hospitalizations,26
1126,2021-06-12,Hospitalizations,27
1127,2021-06-13,Hospitalizations,28
1128,2021-06-14,Hospitalizations,27
1129,2021-06-15,Hospitalizations,25
1130,2021-06-16,Hospitalizations,25
1131,2021-06-17,Hospitalizations,26
1132,2021-06-18,Hospitalizations,25
1133,2021-06-19,Hospitalizations,23
1134,2021-06-20,Hospitalizations,23
1135,2021-06-21,Hospitalizations,23
1136,2021-06-22,Hospitalizations,24
1137,2021-06-23,Hospitalizations,24
1138,2021-06-24,Hospitalizations,22
1139,2021-06-25,Hospitalizations,22
1140,2021-06-26,Hospitalizations,23
1141,2021-06-27,Hospitalizations,23
1142,2021-06-28,Hospitalizations,22
1143,2021-06-29,Hospitalizations,21
1144,2021-06-30,Hospitalizations,20
1145,2021-07-01,Hospitalizations,23
1146,2021-07-02,Hospitalizations,25
1147,2021-07-03,Hospitalizations,26
1148,2021-07-04,Hospitalizations,25
1149,2021-07-05,Hospitalizations,24
1150,2021-07-06,Hospitalizations,24
1151,2021-07-07,Hospitalizations,24
1152,2021-07-08,Hospitalizations,23
1153,2021-07-09,Hospitalizations,23
1154,2021-07-10,Hospitalizations,23
1155,2021-07-11,Hospitalizations,24
1156,2021-07-12,Hospitalizations,25
1157,2021-07-13,Hospitalizations,25
1158,2021-07-14,Hospitalizations,29
1159,2021-07-15,Hospitalizations,29
1160,2021-07-16,Hospitalizations,29
1161,2021-07-17,Hospitalizations,32
1162,2021-07-18,Hospitalizations,33
1163,2021-07-19,Hospitalizations,37
1164,2021-07-20,Hospitalizations,41
1165,2021-07-21,Hospitalizations,40
1166,2021-07-22,Hospitalizations,43
1167,2021-07-23,Hospitalizations,45
1168,2021-07-24,Hospitalizations,46
1169,2021-07-25,Hospitalizations,47
1170,2021-07-26,Hospitalizations,48
1171,2021-07-27,Hospitalizations,50
1172,2021-07-28,Hospitalizations,55
1173,2021-07-29,Hospitalizations,58
1174,2021-07-30,Hospitalizations,63
1175,2021-07-31,Hospitalizations,66
1176,2021-08-01,Hospitalizations,67
1177,2021-08-02,Hospitalizations,69
1178,2021-08-03,Hospitalizations,73
1179,2021-08-04,Hospitalizations,74
1180,2021-08-05,Hospitalizations,76
1181,2021-08-06,Hospitalizations,81
1182,2021-08-07,Hospitalizations,84
1183,2021-08-08,Hospitalizations,91
1184,2021-08-09,Hospitalizations,99
1185,2021-08-10,Hospitalizations,102
1186,2021-08-11,Hospitalizations,109
1187,2021-08-12,Hospitalizations,113
1188,2021-08-13,Hospitalizations,116
1189,2021-08-14,Hospitalizations,117
1190,2021-08-15,Hospitalizations,119
1191,2021-08-16,Hospitalizations,118
1192,2021-08-17,Hospitalizations,119
1193,2021-08-18,Hospitalizations,116
1194,2021-08-19,Hospitalizations,113
1195,2021-08-20,Hospitalizations,109
1196,2021-08-21,Hospitalizations,112
1197,2021-08-22,Hospitalizations,112
1198,2021-08-23,Hospitalizations,111
1199,2021-08-24,Hospitalizations,107
1200,2021-08-25,Hospitalizations,106
1201,2021-08-26,Hospitalizations,108
1202,2021-08-27,Hospitalizations,106
1203,2021-08-28,Hospitalizations,101
1204,2021-08-29,Hospitalizations,99
1205,2021-08-30,Hospitalizations,100
1206,2021-08-31,Hospitalizations,102
1207,2021-09-01,Hospitalizations,104
1208,2021-09-02,Hospitalizations,103
1209,2021-09-03,Hospitalizations,99
1210,2021-09-04,Hospitalizations,102
1211,2021-09-05,Hospitalizations,99
1212,2021-09-06,Hospitalizations,92
1213,2021-09-07,Hospitalizations,91
1214,2021-09-08,Hospitalizations,87
1215,2021-09-09,Hospitalizations,88
1216,2021-09-10,Hospitalizations,90
1217,2021-09-11,Hospitalizations,88
1218,2021-09-12,Hospitalizations,90
1219,2021-09-13,Hospitalizations,94
1220,2021-09-14,Hospitalizations,90
1221,2021-09-15,Hospitalizations,90
1222,2021-09-16,Hospitalizations,88
1223,2021-09-17,Hospitalizations,87
1224,2021-09-18,Hospitalizations,87
1225,2021-09-19,Hospitalizations,84
1226,2021-09-20,Hospitalizations,84
1227,2021-09-21,Hospitalizations,84
1228,2021-09-22,Hospitalizations,85
1229,2021-09-23,Hospitalizations,87
1230,2021-09-24,Hospitalizations,86
1231,2021-09-25,Hospitalizations,83
1232,2021-09-26,Hospitalizations,81
1233,2021-09-27,Hospitalizations,77
1234,2021-09-28,Hospitalizations,75
1235,2021-09-29,Hospitalizations,70
1236,2021-09-30,Hospitalizations,65
1237,2021-10-01,Hospitalizations,65
1238,2021-10-02,Hospitalizations,64
1239,2021-10-03,Hospitalizations,66
1240,2021-10-04,Hospitalizations,66
1241,2021-10-05,Hospitalizations,67
1242,2021-10-06,Hospitalizations,66
1243,2021-10-07,Hospitalizations,67
1244,2021-10-08,Hospitalizations,61
1245,2021-10-09,Hospitalizations,62
1246,2021-10-10,Hospitalizations,60
1247,2021-10-11,Hospitalizations,57
1248,2021-10-12,Hospitalizations,54
1249,2021-10-13,Hospitalizations,55
1250,2021-10-14,Hospitalizations,53
1251,2021-10-15,Hospitalizations,54
1252,2021-10-16,Hospitalizations,52
1253,2021-10-17,Hospitalizations,52
1254,2021-10-18,Hospitalizations,52
1255,2021-10-19,Hospitalizations,53
1256,2021-10-20,Hospitalizations,50
1257,2021-10-21,Hospitalizations,50
1258,2021-10-22,Hospitalizations,48
1259,2021-10-23,Hospitalizations,47
1260,2021-10-24,Hospitalizations,46
1261,2021-10-25,Hospitalizations,44
1262,2021-10-26,Hospitalizations,42
1263,2021-10-27,Hospitalizations,41
1264,2021-10-28,Hospitalizations,40
1265,2021-10-29,Hospitalizations,38
1266,2021-10-30,Hospitalizations,36
1267,2021-10-31,Hospitalizations,34
1268,2021-11-01,Hospitalizations,34
1269,2021-11-02,Hospitalizations,34
1270,2021-11-03,Hospitalizations,35
1271,2021-11-04,Hospitalizations,35
1272,2021-11-05,Hospitalizations,36
1273,2021-11-06,Hospitalizations,37
1274,2021-11-07,Hospitalizations,38
1275,2021-11-08,Hospitalizations,39
1276,2021-11-09,Hospitalizations,37
1277,2021-11-10,Hospitalizations,36
1278,2021-11-11,Hospitalizations,37
1279,2021-11-12,Hospitalizations,39
1280,2021-11-13,Hospitalizations,39
1281,2021-11-14,Hospitalizations,39
1282,2021-11-15,Hospitalizations,40
1283,2021-11-16,Hospitalizations,40
1284,2021-11-17,Hospitalizations,41
1285,2021-11-18,Hospitalizations,42
1286,2021-11-19,Hospitalizations,42
1287,2021-11-20,Hospitalizations,44
1288,2021-11-21,Hospitalizations,44
1289,2021-11-22,Hospitalizations,45
1290,2021-11-23,Hospitalizations,47
1291,2021-11-24,Hospitalizations,48
1292,2021-11-25,Hospitalizations,49
1293,2021-11-26,Hospitalizations,52
1294,2021-11-27,Hospitalizations,52
1295,2021-11-28,Hospitalizations,54
1296,2021-11-29,Hospitalizations,56
1297,2021-11-30,Hospitalizations,60
1298,2021-12-01,Hospitalizations,63
1299,2021-12-02,Hospitalizations,65
1300,2021-12-03,Hospitalizations,68
1301,2021-12-04,Hospitalizations,72
1302,2021-12-05,Hospitalizations,79
1303,2021-12-06,Hospitalizations,85
1304,2021-12-07,Hospitalizations,91
1305,2021-12-08,Hospitalizations,94
1306,2021-12-09,Hospitalizations,99
1307,2021-12-10,Hospitalizations,104
1308,2021-12-11,Hospitalizations,105
1309,2021-12-12,Hospitalizations,105
1310,2021-12-13,Hospitalizations,105
1311,2021-12-14,Hospitalizations,103
1312,2021-12-15,Hospitalizations,104
1313,2021-12-16,Hospitalizations,92
1314,2020-02-29,Deaths,0
1315,2020-03-01,Deaths,0
1316,2020-03-02,Deaths,0
1317,2020-03-03,Deaths,0
1318,2020-03-04,Deaths,0
1319,2020-03-05,Deaths,0
1320,2020-03-06,Deaths,0
1321,2020-03-07,Deaths,0
1322,2020-03-08,Deaths,0
1323,2020-03-09,Deaths,0
1324,2020-03-10,Deaths,0
1325,2020-03-11,Deaths,0
1326,2020-03-12,Deaths,0
1327,2020-03-13,Deaths,0
1328,2020-03-14,Deaths,0
1329,2020-03-15,Deaths,1
1330,2020-03-16,Deaths,2
1331,2020-03-17,Deaths,3
1332,2020-03-18,Deaths,6
1333,2020-03-19,Deaths,9
1334,2020-03-20,Deaths,16
1335,2020-03-21,Deaths,22
1336,2020-03-22,Deaths,29
1337,2020-03-23,Deaths,39
1338,2020-03-24,Deaths,52
1339,2020-03-25,Deaths,66
1340,2020-03-26,Deaths,90
1341,2020-03-27,Deaths,114
1342,2020-03-28,Deaths,147
1343,2020-03-29,Deaths,181
1344,2020-03-30,Deaths,216
1345,2020-03-31,Deaths,257
1346,2020-04-01,Deaths,303
1347,2020-04-02,Deaths,348
1348,2020-04-03,Deaths,388
1349,2020-04-04,Deaths,422
1350,2020-04-05,Deaths,463
1351,2020-04-06,Deaths,499
1352,2020-04-07,Deaths,529
1353,2020-04-08,Deaths,547
1354,2020-04-09,Deaths,555
1355,2020-04-10,Deaths,561
1356,2020-04-11,Deaths,566
1357,2020-04-12,Deaths,565
1358,2020-04-13,Deaths,564
1359,2020-04-14,Deaths,551
1360,2020-04-15,Deaths,535
1361,2020-04-16,Deaths,514
1362,2020-04-17,Deaths,492
1363,2020-04-18,Deaths,470
1364,2020-04-19,Deaths,445
1365,2020-04-20,Deaths,416
1366,2020-04-21,Deaths,390
1367,2020-04-22,Deaths,369
1368,2020-04-23,Deaths,357
1369,2020-04-24,Deaths,347
1370,2020-04-25,Deaths,329
1371,2020-04-26,Deaths,307
1372,2020-04-27,Deaths,294
1373,2020-04-28,Deaths,281
1374,2020-04-29,Deaths,270
1375,2020-04-30,Deaths,255
1376,2020-05-01,Deaths,240
1377,2020-05-02,Deaths,229
1378,2020-05-03,Deaths,220
1379,2020-05-04,Deaths,204
1380,2020-05-05,Deaths,192
1381,2020-05-06,Deaths,180
1382,2020-05-07,Deaths,168
1383,2020-05-08,Deaths,157
1384,2020-05-09,Deaths,144
1385,2020-05-10,Deaths,133
1386,2020-05-11,Deaths,126
1387,2020-05-12,Deaths,117
1388,2020-05-13,Deaths,107
1389,2020-05-14,Deaths,97
1390,2020-05-15,Deaths,91
1391,2020-05-16,Deaths,89
1392,2020-05-17,Deaths,85
1393,2020-05-18,Deaths,78
1394,2020-05-19,Deaths,73
1395,2020-05-20,Deaths,73
1396,2020-05-21,Deaths,69
1397,2020-05-22,Deaths,66
1398,2020-05-23,Deaths,63
1399,2020-05-24,Deaths,59
1400,2020-05-25,Deaths,57
1401,2020-05-26,Deaths,55
1402,2020-05-27,Deaths,50
1403,2020-05-28,Deaths,49
1404,2020-05-29,Deaths,46
1405,2020-05-30,Deaths,45
1406,2020-05-31,Deaths,44
1407,2020-06-01,Deaths,42
1408,2020-06-02,Deaths,42
1409,2020-06-03,Deaths,41
1410,2020-06-04,Deaths,40
1411,2020-06-05,Deaths,38
1412,2020-06-06,Deaths,36
1413,2020-06-07,Deaths,34
1414,2020-06-08,Deaths,34
1415,2020-06-09,Deaths,33
1416,2020-06-10,Deaths,32
1417,2020-06-11,Deaths,30
1418,2020-06-12,Deaths,29
1419,2020-06-13,Deaths,27
1420,2020-06-14,Deaths,26
1421,2020-06-15,Deaths,24
1422,2020-06-16,Deaths,21
1423,2020-06-17,Deaths,20
1424,2020-06-18,Deaths,19
1425,2020-06-19,Deaths,18
1426,2020-06-20,Deaths,18
1427,2020-06-21,Deaths,18
1428,2020-06-22,Deaths,18
1429,2020-06-23,Deaths,18
1430,2020-06-24,Deaths,18
1431,2020-06-25,Deaths,18
1432,2020-06-26,Deaths,18
1433,2020-06-27,Deaths,17
1434,2020-06-28,Deaths,16
1435,2020-06-29,Deaths,15
1436,2020-06-30,Deaths,14
1437,2020-07-01,Deaths,13
1438,2020-07-02,Deaths,13
1439,2020-07-03,Deaths,12
1440,2020-07-04,Deaths,11
1441,2020-07-05,Deaths,11
1442,2020-07-06,Deaths,10
1443,2020-07-07,Deaths,9
1444,2020-07-08,Deaths,10
1445,2020-07-09,Deaths,8
1446,2020-07-10,Deaths,7
1447,2020-07-11,Deaths,8
1448,2020-07-12,Deaths,7
1449,2020-07-13,Deaths,8
1450,2020-07-14,Deaths,9
1451,2020-07-15,Deaths,8
1452,2020-07-16,Deaths,8
1453,2020-07-17,Deaths,9
1454,2020-07-18,Deaths,9
1455,2020-07-19,Deaths,10
1456,2020-07-20,Deaths,9
1457,2020-07-21,Deaths,8
1458,2020-07-22,Deaths,7
1459,2020-07-23,Deaths,8
1460,2020-07-24,Deaths,7
1461,2020-07-25,Deaths,7
1462,2020-07-26,Deaths,7
1463,2020-07-27,Deaths,6
1464,2020-07-28,Deaths,7
1465,2020-07-29,Deaths,7
1466,2020-07-30,Deaths,7
1467,2020-07-31,Deaths,6
1468,2020-08-01,Deaths,6
1469,2020-08-02,Deaths,5
1470,2020-08-03,Deaths,5
1471,2020-08-04,Deaths,4
1472,2020-08-05,Deaths,4
1473,2020-08-06,Deaths,4
1474,2020-08-07,Deaths,4
1475,2020-08-08,Deaths,4
1476,2020-08-09,Deaths,4
1477,2020-08-10,Deaths,4
1478,2020-08-11,Deaths,4
1479,2020-08-12,Deaths,3
1480,2020-08-13,Deaths,3
1481,2020-08-14,Deaths,3
1482,2020-08-15,Deaths,3
1483,2020-08-16,Deaths,4
1484,2020-08-17,Deaths,4
1485,2020-08-18,Deaths,3
1486,2020-08-19,Deaths,3
1487,2020-08-20,Deaths,4
1488,2020-08-21,Deaths,4
1489,2020-08-22,Deaths,4
1490,2020-08-23,Deaths,4
1491,2020-08-24,Deaths,4
1492,2020-08-25,Deaths,5
1493,2020-08-26,Deaths,5
1494,2020-08-27,Deaths,4
1495,2020-08-28,Deaths,5
1496,2020-08-29,Deaths,4
1497,2020-08-30,Deaths,4
1498,2020-08-31,Deaths,3
1499,2020-09-01,Deaths,3
1500,2020-09-02,Deaths,3
1501,2020-09-03,Deaths,3
1502,2020-09-04,Deaths,3
1503,2020-09-05,Deaths,4
1504,2020-09-06,Deaths,4
1505,2020-09-07,Deaths,4
1506,2020-09-08,Deaths,4
1507,2020-09-09,Deaths,4
1508,2020-09-10,Deaths,3
1509,2020-09-11,Deaths,3
1510,2020-09-12,Deaths,3
1511,2020-09-13,Deaths,3
1512,2020-09-14,Deaths,3
1513,2020-09-15,Deaths,3
1514,2020-09-16,Deaths,4
1515,2020-09-17,Deaths,4
1516,2020-09-18,Deaths,4
1517,2020-09-19,Deaths,4
1518,2020-09-20,Deaths,4
1519,2020-09-21,Deaths,4
1520,2020-09-22,Deaths,4
1521,2020-09-23,Deaths,4
1522,2020-09-24,Deaths,4
1523,2020-09-25,Deaths,4
1524,2020-09-26,Deaths,4
1525,2020-09-27,Deaths,3
1526,2020-09-28,Deaths,3
1527,2020-09-29,Deaths,4
1528,2020-09-30,Deaths,5
1529,2020-10-01,Deaths,5
1530,2020-10-02,Deaths,5
1531,2020-10-03,Deaths,5
1532,2020-10-04,Deaths,5
1533,2020-10-05,Deaths,5
1534,2020-10-06,Deaths,4
1535,2020-10-07,Deaths,4
1536,2020-10-08,Deaths,4
1537,2020-10-09,Deaths,4
1538,2020-10-10,Deaths,4
1539,2020-10-11,Deaths,4
1540,2020-10-12,Deaths,5
1541,2020-10-13,Deaths,5
1542,2020-10-14,Deaths,5
1543,2020-10-15,Deaths,6
1544,2020-10-16,Deaths,6
1545,2020-10-17,Deaths,7
1546,2020-10-18,Deaths,6
1547,2020-10-19,Deaths,6
1548,2020-10-20,Deaths,6
1549,2020-10-21,Deaths,6
1550,2020-10-22,Deaths,5
1551,2020-10-23,Deaths,5
1552,2020-10-24,Deaths,4
1553,2020-10-25,Deaths,5
1554,2020-10-26,Deaths,5
1555,2020-10-27,Deaths,5
1556,2020-10-28,Deaths,5
1557,2020-10-29,Deaths,5
1558,2020-10-30,Deaths,6
1559,2020-10-31,Deaths,6
1560,2020-11-01,Deaths,7
1561,2020-11-02,Deaths,7
1562,2020-11-03,Deaths,8
1563,2020-11-04,Deaths,9
1564,2020-11-05,Deaths,9
1565,2020-11-06,Deaths,9
1566,2020-11-07,Deaths,11
1567,2020-11-08,Deaths,10
1568,2020-11-09,Deaths,9
1569,2020-11-10,Deaths,9
1570,2020-11-11,Deaths,9
1571,2020-11-12,Deaths,10
1572,2020-11-13,Deaths,9
1573,2020-11-14,Deaths,9
1574,2020-11-15,Deaths,10
1575,2020-11-16,Deaths,10
1576,2020-11-17,Deaths,10
1577,2020-11-18,Deaths,11
1578,2020-11-19,Deaths,10
1579,2020-11-20,Deaths,10
1580,2020-11-21,Deaths,10
1581,2020-11-22,Deaths,9
1582,2020-11-23,Deaths,10
1583,2020-11-24,Deaths,11
1584,2020-11-25,Deaths,11
1585,2020-11-26,Deaths,11
1586,2020-11-27,Deaths,12
1587,2020-11-28,Deaths,13
1588,2020-11-29,Deaths,13
1589,2020-11-30,Deaths,14
1590,2020-12-01,Deaths,15
1591,2020-12-02,Deaths,17
1592,2020-12-03,Deaths,18
1593,2020-12-04,Deaths,20
1594,2020-12-05,Deaths,21
1595,2020-12-06,Deaths,22
1596,2020-12-07,Deaths,22
1597,2020-12-08,Deaths,22
1598,2020-12-09,Deaths,22
1599,2020-12-10,Deaths,23
1600,2020-12-11,Deaths,24
1601,2020-12-12,Deaths,25
1602,2020-12-13,Deaths,26
1603,2020-12-14,Deaths,28
1604,2020-12-15,Deaths,29
1605,2020-12-16,Deaths,31
1606,2020-12-17,Deaths,32
1607,2020-12-18,Deaths,34
1608,2020-12-19,Deaths,33
1609,2020-12-20,Deaths,34
1610,2020-12-21,Deaths,35
1611,2020-12-22,Deaths,38
1612,2020-12-23,Deaths,38
1613,2020-12-24,Deaths,39
1614,2020-12-25,Deaths,39
1615,2020-12-26,Deaths,40
1616,2020-12-27,Deaths,42
1617,2020-12-28,Deaths,42
1618,2020-12-29,Deaths,42
1619,2020-12-30,Deaths,42
1620,2020-12-31,Deaths,42
1621,2021-01-01,Deaths,42
1622,2021-01-02,Deaths,44
1623,2021-01-03,Deaths,44
1624,2021-01-04,Deaths,46
1625,2021-01-05,Deaths,48
1626,2021-01-06,Deaths,51
1627,2021-01-07,Deaths,53
1628,2021-01-08,Deaths,56
1629,2021-01-09,Deaths,58
1630,2021-01-10,Deaths,60
1631,2021-01-11,Deaths,60
1632,2021-01-12,Deaths,61
1633,2021-01-13,Deaths,62
1634,2021-01-14,Deaths,64
1635,2021-01-15,Deaths,64
1636,2021-01-16,Deaths,64
1637,2021-01-17,Deaths,64
1638,2021-01-18,Deaths,66
1639,2021-01-19,Deaths,67
1640,2021-01-20,Deaths,68
1641,2021-01-21,Deaths,68
1642,2021-01-22,Deaths,71
1643,2021-01-23,Deaths,72
1644,2021-01-24,Deaths,74
1645,2021-01-25,Deaths,73
1646,2021-01-26,Deaths,72
1647,2021-01-27,Deaths,74
1648,2021-01-28,Deaths,78
1649,2021-01-29,Deaths,79
1650,2021-01-30,Deaths,79
1651,2021-01-31,Deaths,80
1652,2021-02-01,Deaths,80
1653,2021-02-02,Deaths,80
1654,2021-02-03,Deaths,78
1655,2021-02-04,Deaths,78
1656,2021-02-05,Deaths,77
1657,2021-02-06,Deaths,77
1658,2021-02-07,Deaths,78
1659,2021-02-08,Deaths,80
1660,2021-02-09,Deaths,79
1661,2021-02-10,Deaths,80
1662,2021-02-11,Deaths,81
1663,2021-02-12,Deaths,81
1664,2021-02-13,Deaths,81
1665,2021-02-14,Deaths,82
1666,2021-02-15,Deaths,82
1667,2021-02-16,Deaths,84
1668,2021-02-17,Deaths,84
1669,2021-02-18,Deaths,78
1670,2021-02-19,Deaths,75
1671,2021-02-20,Deaths,73
1672,2021-02-21,Deaths,70
1673,2021-02-22,Deaths,68
1674,2021-02-23,Deaths,67
1675,2021-02-24,Deaths,66
1676,2021-02-25,Deaths,69
1677,2021-02-26,Deaths,71
1678,2021-02-27,Deaths,71
1679,2021-02-28,Deaths,72
1680,2021-03-01,Deaths,70
1681,2021-03-02,Deaths,68
1682,2021-03-03,Deaths,67
1683,2021-03-04,Deaths,65
1684,2021-03-05,Deaths,62
1685,2021-03-06,Deaths,61
1686,2021-03-07,Deaths,60
1687,2021-03-08,Deaths,61
1688,2021-03-09,Deaths,63
1689,2021-03-10,Deaths,62
1690,2021-03-11,Deaths,61
1691,2021-03-12,Deaths,64
1692,2021-03-13,Deaths,65
1693,2021-03-14,Deaths,62
1694,2021-03-15,Deaths,58
1695,2021-03-16,Deaths,58
1696,2021-03-17,Deaths,55
1697,2021-03-18,Deaths,56
1698,2021-03-19,Deaths,52
1699,2021-03-20,Deaths,50
1700,2021-03-21,Deaths,51
1701,2021-03-22,Deaths,53
1702,2021-03-23,Deaths,51
1703,2021-03-24,Deaths,50
1704,2021-03-25,Deaths,52
1705,2021-03-26,Deaths,55
1706,2021-03-27,Deaths,55
1707,2021-03-28,Deaths,56
1708,2021-03-29,Deaths,55
1709,2021-03-30,Deaths,53
1710,2021-03-31,Deaths,56
1711,2021-04-01,Deaths,54
1712,2021-04-02,Deaths,53
1713,2021-04-03,Deaths,52
1714,2021-04-04,Deaths,51
1715,2021-04-05,Deaths,52
1716,2021-04-06,Deaths,52
1717,2021-04-07,Deaths,50
1718,2021-04-08,Deaths,49
1719,2021-04-09,Deaths,49
1720,2021-04-10,Deaths,50
1721,2021-04-11,Deaths,50
1722,2021-04-12,Deaths,49
1723,2021-04-13,Deaths,47
1724,2021-04-14,Deaths,46
1725,2021-04-15,Deaths,44
1726,2021-04-16,Deaths,41
1727,2021-04-17,Deaths,39
1728,2021-04-18,Deaths,36
1729,2021-04-19,Deaths,36
1730,2021-04-20,Deaths,36
1731,2021-04-21,Deaths,36
1732,2021-04-22,Deaths,36
1733,2021-04-23,Deaths,38
1734,2021-04-24,Deaths,38
1735,2021-04-25,Deaths,36
1736,2021-04-26,Deaths,34
1737,2021-04-27,Deaths,34
1738,2021-04-28,Deaths,33
1739,2021-04-29,Deaths,32
1740,2021-04-30,Deaths,30
1741,2021-05-01,Deaths,30
1742,2021-05-02,Deaths,31
1743,2021-05-03,Deaths,30
1744,2021-05-04,Deaths,30
1745,2021-05-05,Deaths,29
1746,2021-05-06,Deaths,29
1747,2021-05-07,Deaths,28
1748,2021-05-08,Deaths,28
1749,2021-05-09,Deaths,27
1750,2021-05-10,Deaths,28
1751,2021-05-11,Deaths,27
1752,2021-05-12,Deaths,26
1753,2021-05-13,Deaths,26
1754,2021-05-14,Deaths,24
1755,2021-05-15,Deaths,22
1756,2021-05-16,Deaths,21
1757,2021-05-17,Deaths,19
1758,2021-05-18,Deaths,18
1759,2021-05-19,Deaths,17
1760,2021-05-20,Deaths,16
1761,2021-05-21,Deaths,14
1762,2021-05-22,Deaths,15
1763,2021-05-23,Deaths,14
1764,2021-05-24,Deaths,14
1765,2021-05-25,Deaths,12
1766,2021-05-26,Deaths,11
1767,2021-05-27,Deaths,11
1768,2021-05-28,Deaths,10
1769,2021-05-29,Deaths,9
1770,2021-05-30,Deaths,9
1771,2021-05-31,Deaths,9
1772,2021-06-01,Deaths,10
1773,2021-06-02,Deaths,11
1774,2021-06-03,Deaths,11
1775,2021-06-04,Deaths,10
1776,2021-06-05,Deaths,10
1777,2021-06-06,Deaths,9
1778,2021-06-07,Deaths,9
1779,2021-06-08,Deaths,8
1780,2021-06-09,Deaths,8
1781,2021-06-10,Deaths,7
1782,2021-06-11,Deaths,7
1783,2021-06-12,Deaths,7
1784,2021-06-13,Deaths,7
1785,2021-06-14,Deaths,7
1786,2021-06-15,Deaths,6
1787,2021-06-16,Deaths,6
1788,2021-06-17,Deaths,6
1789,2021-06-18,Deaths,7
1790,2021-06-19,Deaths,8
1791,2021-06-20,Deaths,7
1792,2021-06-21,Deaths,7
1793,2021-06-22,Deaths,7
1794,2021-06-23,Deaths,7
1795,2021-06-24,Deaths,6
1796,2021-06-25,Deaths,6
1797,2021-06-26,Deaths,5
1798,2021-06-27,Deaths,4
1799,2021-06-28,Deaths,5
1800,2021-06-29,Deaths,4
1801,2021-06-30,Deaths,4
1802,2021-07-01,Deaths,4
1803,2021-07-02,Deaths,4
1804,2021-07-03,Deaths,5
1805,2021-07-04,Deaths,5
1806,2021-07-05,Deaths,4
1807,2021-07-06,Deaths,4
1808,2021-07-07,Deaths,4
1809,2021-07-08,Deaths,4
1810,2021-07-09,Deaths,3
1811,2021-07-10,Deaths,2
1812,2021-07-11,Deaths,2
1813,2021-07-12,Deaths,3
1814,2021-07-13,Deaths,3
1815,2021-07-14,Deaths,3
1816,2021-07-15,Deaths,3
1817,2021-07-16,Deaths,4
1818,2021-07-17,Deaths,4
1819,2021-07-18,Deaths,4
1820,2021-07-19,Deaths,4
1821,2021-07-20,Deaths,4
1822,2021-07-21,Deaths,4
1823,2021-07-22,Deaths,4
1824,2021-07-23,Deaths,4
1825,2021-07-24,Deaths,3
1826,2021-07-25,Deaths,3
1827,2021-07-26,Deaths,3
1828,2021-07-27,Deaths,3
1829,2021-07-28,Deaths,3
1830,2021-07-29,Deaths,4
1831,2021-07-30,Deaths,5
1832,2021-07-31,Deaths,5
1833,2021-08-01,Deaths,6
1834,2021-08-02,Deaths,7
1835,2021-08-03,Deaths,7
1836,2021-08-04,Deaths,7
1837,2021-08-05,Deaths,7
1838,2021-08-06,Deaths,7
1839,2021-08-07,Deaths,8
1840,2021-08-08,Deaths,7
1841,2021-08-09,Deaths,8
1842,2021-08-10,Deaths,9
1843,2021-08-11,Deaths,9
1844,2021-08-12,Deaths,9
1845,2021-08-13,Deaths,8
1846,2021-08-14,Deaths,8
1847,2021-08-15,Deaths,8
1848,2021-08-16,Deaths,7
1849,2021-08-17,Deaths,9
1850,2021-08-18,Deaths,9
1851,2021-08-19,Deaths,10
1852,2021-08-20,Deaths,10
1853,2021-08-21,Deaths,11
1854,2021-08-22,Deaths,11
1855,2021-08-23,Deaths,12
1856,2021-08-24,Deaths,12
1857,2021-08-25,Deaths,11
1858,2021-08-26,Deaths,11
1859,2021-08-27,Deaths,11
1860,2021-08-28,Deaths,11
1861,2021-08-29,Deaths,12
1862,2021-08-30,Deaths,12
1863,2021-08-31,Deaths,12
1864,2021-09-01,Deaths,12
1865,2021-09-02,Deaths,12
1866,2021-09-03,Deaths,12
1867,2021-09-04,Deaths,11
1868,2021-09-05,Deaths,11
1869,2021-09-06,Deaths,12
1870,2021-09-07,Deaths,12
1871,2021-09-08,Deaths,13
1872,2021-09-09,Deaths,14
1873,2021-09-10,Deaths,15
1874,2021-09-11,Deaths,15
1875,2021-09-12,Deaths,15
1876,2021-09-13,Deaths,14
1877,2021-09-14,Deaths,14
1878,2021-09-15,Deaths,13
1879,2021-09-16,Deaths,12
1880,2021-09-17,Deaths,11
1881,2021-09-18,Deaths,11
1882,2021-09-19,Deaths,11
1883,2021-09-20,Deaths,12
1884,2021-09-21,Deaths,12
1885,2021-09-22,Deaths,13
1886,2021-09-23,Deaths,13
1887,2021-09-24,Deaths,13
1888,2021-09-25,Deaths,13
1889,2021-09-26,Deaths,13
1890,2021-09-27,Deaths,13
1891,2021-09-28,Deaths,13
1892,2021-09-29,Deaths,13
1893,2021-09-30,Deaths,13
1894,2021-10-01,Deaths,13
1895,2021-10-02,Deaths,12
1896,2021-10-03,Deaths,12
1897,2021-10-04,Deaths,11
1898,2021-10-05,Deaths,10
1899,2021-10-06,Deaths,10
1900,2021-10-07,Deaths,11
1901,2021-10-08,Deaths,13
1902,2021-10-09,Deaths,12
1903,2021-10-10,Deaths,12
1904,2021-10-11,Deaths,12
1905,2021-10-12,Deaths,12
1906,2021-10-13,Deaths,11
1907,2021-10-14,Deaths,10
1908,2021-10-15,Deaths,9
1909,2021-10-16,Deaths,8
1910,2021-10-17,Deaths,7
1911,2021-10-18,Deaths,7
1912,2021-10-19,Deaths,8
1913,2021-10-20,Deaths,8
1914,2021-10-21,Deaths,9
1915,2021-10-22,Deaths,9
1916,2021-10-23,Deaths,10
1917,2021-10-24,Deaths,10
1918,2021-10-25,Deaths,10
1919,2021-10-26,Deaths,10
1920,2021-10-27,Deaths,10
1921,2021-10-28,Deaths,9
1922,2021-10-29,Deaths,9
1923,2021-10-30,Deaths,9
1924,2021-10-31,Deaths,8
1925,2021-11-01,Deaths,7
1926,2021-11-02,Deaths,7
1927,2021-11-03,Deaths,7
1928,2021-11-04,Deaths,6
1929,2021-11-05,Deaths,6
1930,2021-11-06,Deaths,7
1931,2021-11-07,Deaths,7
1932,2021-11-08,Deaths,7
1933,2021-11-09,Deaths,8
1934,2021-11-10,Deaths,8
1935,2021-11-11,Deaths,8
1936,2021-11-12,Deaths,9
1937,2021-11-13,Deaths,9
1938,2021-11-14,Deaths,8
1939,2021-11-15,Deaths,8
1940,2021-11-16,Deaths,8
1941,2021-11-17,Deaths,8
1942,2021-11-18,Deaths,8
1943,2021-11-19,Deaths,8
1944,2021-11-20,Deaths,8
1945,2021-11-21,Deaths,8
1946,2021-11-22,Deaths,8
1947,2021-11-23,Deaths,8
1948,2021-11-24,Deaths,8
1949,2021-11-25,Deaths,8
1950,2021-11-26,Deaths,8
1951,2021-11-27,Deaths,8
1952,2021-11-28,Deaths,8
1953,2021-11-29,Deaths,9
1954,2021-11-30,Deaths,9
1955,2021-12-01,Deaths,9
1956,2021-12-02,Deaths,10
1957,2021-12-03,Deaths,11
1958,2021-12-04,Deaths,11
1959,2021-12-05,Deaths,12
1960,2021-12-06,Deaths,11
1961,2021-12-07,Deaths,12
1962,2021-12-08,Deaths,11
1963,2021-12-09,Deaths,11
1964,2021-12-10,Deaths,11
1965,2021-12-11,Deaths,11
1966,2021-12-12,Deaths,11
1967,2021-12-13,Deaths,12
1968,2021-12-14,Deaths,11
1969,2021-12-15,Deaths,12
1970,2021-12-16,Deaths,11
