,date_of_interest,7Day AVG,Case Count
0,2020-02-29,Manhattan,0
1,2020-03-01,Manhattan,0
2,2020-03-02,Manhattan,0
3,2020-03-03,Manhattan,0
4,2020-03-04,Manhattan,0
5,2020-03-05,Manhattan,0
6,2020-03-06,Manhattan,1
7,2020-03-07,Manhattan,1
8,2020-03-08,Manhattan,2
9,2020-03-09,Manhattan,5
10,2020-03-10,Manhattan,9
11,2020-03-11,Manhattan,17
12,2020-03-12,Manhattan,37
13,2020-03-13,Manhattan,62
14,2020-03-14,Manhattan,87
15,2020-03-15,Manhattan,116
16,2020-03-16,Manhattan,178
17,2020-03-17,Manhattan,255
18,2020-03-18,Manhattan,323
19,2020-03-19,Manhattan,383
20,2020-03-20,Manhattan,450
21,2020-03-21,Manhattan,482
22,2020-03-22,Manhattan,498
23,2020-03-23,Manhattan,508
24,2020-03-24,Manhattan,516
25,2020-03-25,Manhattan,523
26,2020-03-26,Manhattan,533
27,2020-03-27,Manhattan,533
28,2020-03-28,Manhattan,532
29,2020-03-29,Manhattan,545
30,2020-03-30,Manhattan,584
31,2020-03-31,Manhattan,583
32,2020-04-01,Manhattan,581
33,2020-04-02,Manhattan,585
34,2020-04-03,Manhattan,587
35,2020-04-04,Manhattan,587
36,2020-04-05,Manhattan,580
37,2020-04-06,Manhattan,568
38,2020-04-07,Manhattan,566
39,2020-04-08,Manhattan,563
40,2020-04-09,Manhattan,549
41,2020-04-10,Manhattan,524
42,2020-04-11,Manhattan,512
43,2020-04-12,Manhattan,498
44,2020-04-13,Manhattan,451
45,2020-04-14,Manhattan,427
46,2020-04-15,Manhattan,411
47,2020-04-16,Manhattan,382
48,2020-04-17,Manhattan,358
49,2020-04-18,Manhattan,341
50,2020-04-19,Manhattan,330
51,2020-04-20,Manhattan,329
52,2020-04-21,Manhattan,319
53,2020-04-22,Manhattan,312
54,2020-04-23,Manhattan,318
55,2020-04-24,Manhattan,330
56,2020-04-25,Manhattan,324
57,2020-04-26,Manhattan,313
58,2020-04-27,Manhattan,301
59,2020-04-28,Manhattan,294
60,2020-04-29,Manhattan,280
61,2020-04-30,Manhattan,254
62,2020-05-01,Manhattan,230
63,2020-05-02,Manhattan,229
64,2020-05-03,Manhattan,230
65,2020-05-04,Manhattan,217
66,2020-05-05,Manhattan,206
67,2020-05-06,Manhattan,188
68,2020-05-07,Manhattan,174
69,2020-05-08,Manhattan,154
70,2020-05-09,Manhattan,145
71,2020-05-10,Manhattan,144
72,2020-05-11,Manhattan,141
73,2020-05-12,Manhattan,130
74,2020-05-13,Manhattan,128
75,2020-05-14,Manhattan,133
76,2020-05-15,Manhattan,138
77,2020-05-16,Manhattan,134
78,2020-05-17,Manhattan,128
79,2020-05-18,Manhattan,119
80,2020-05-19,Manhattan,120
81,2020-05-20,Manhattan,121
82,2020-05-21,Manhattan,120
83,2020-05-22,Manhattan,123
84,2020-05-23,Manhattan,122
85,2020-05-24,Manhattan,125
86,2020-05-25,Manhattan,116
87,2020-05-26,Manhattan,111
88,2020-05-27,Manhattan,103
89,2020-05-28,Manhattan,96
90,2020-05-29,Manhattan,84
91,2020-05-30,Manhattan,83
92,2020-05-31,Manhattan,77
93,2020-06-01,Manhattan,78
94,2020-06-02,Manhattan,70
95,2020-06-03,Manhattan,65
96,2020-06-04,Manhattan,64
97,2020-06-05,Manhattan,61
98,2020-06-06,Manhattan,60
99,2020-06-07,Manhattan,60
100,2020-06-08,Manhattan,60
101,2020-06-09,Manhattan,59
102,2020-06-10,Manhattan,58
103,2020-06-11,Manhattan,53
104,2020-06-12,Manhattan,54
105,2020-06-13,Manhattan,53
106,2020-06-14,Manhattan,53
107,2020-06-15,Manhattan,50
108,2020-06-16,Manhattan,50
109,2020-06-17,Manhattan,50
110,2020-06-18,Manhattan,51
111,2020-06-19,Manhattan,50
112,2020-06-20,Manhattan,53
113,2020-06-21,Manhattan,53
114,2020-06-22,Manhattan,54
115,2020-06-23,Manhattan,55
116,2020-06-24,Manhattan,56
117,2020-06-25,Manhattan,55
118,2020-06-26,Manhattan,56
119,2020-06-27,Manhattan,55
120,2020-06-28,Manhattan,57
121,2020-06-29,Manhattan,59
122,2020-06-30,Manhattan,62
123,2020-07-01,Manhattan,63
124,2020-07-02,Manhattan,68
125,2020-07-03,Manhattan,66
126,2020-07-04,Manhattan,65
127,2020-07-05,Manhattan,64
128,2020-07-06,Manhattan,63
129,2020-07-07,Manhattan,62
130,2020-07-08,Manhattan,68
131,2020-07-09,Manhattan,68
132,2020-07-10,Manhattan,68
133,2020-07-11,Manhattan,70
134,2020-07-12,Manhattan,72
135,2020-07-13,Manhattan,72
136,2020-07-14,Manhattan,71
137,2020-07-15,Manhattan,64
138,2020-07-16,Manhattan,64
139,2020-07-17,Manhattan,72
140,2020-07-18,Manhattan,71
141,2020-07-19,Manhattan,69
142,2020-07-20,Manhattan,70
143,2020-07-21,Manhattan,68
144,2020-07-22,Manhattan,66
145,2020-07-23,Manhattan,64
146,2020-07-24,Manhattan,56
147,2020-07-25,Manhattan,56
148,2020-07-26,Manhattan,54
149,2020-07-27,Manhattan,53
150,2020-07-28,Manhattan,51
151,2020-07-29,Manhattan,51
152,2020-07-30,Manhattan,48
153,2020-07-31,Manhattan,47
154,2020-08-01,Manhattan,47
155,2020-08-02,Manhattan,48
156,2020-08-03,Manhattan,46
157,2020-08-04,Manhattan,43
158,2020-08-05,Manhattan,42
159,2020-08-06,Manhattan,43
160,2020-08-07,Manhattan,43
161,2020-08-08,Manhattan,42
162,2020-08-09,Manhattan,41
163,2020-08-10,Manhattan,40
164,2020-08-11,Manhattan,40
165,2020-08-12,Manhattan,40
166,2020-08-13,Manhattan,39
167,2020-08-14,Manhattan,38
168,2020-08-15,Manhattan,39
169,2020-08-16,Manhattan,39
170,2020-08-17,Manhattan,40
171,2020-08-18,Manhattan,43
172,2020-08-19,Manhattan,44
173,2020-08-20,Manhattan,42
174,2020-08-21,Manhattan,43
175,2020-08-22,Manhattan,44
176,2020-08-23,Manhattan,43
177,2020-08-24,Manhattan,42
178,2020-08-25,Manhattan,41
179,2020-08-26,Manhattan,40
180,2020-08-27,Manhattan,43
181,2020-08-28,Manhattan,43
182,2020-08-29,Manhattan,42
183,2020-08-30,Manhattan,45
184,2020-08-31,Manhattan,45
185,2020-09-01,Manhattan,45
186,2020-09-02,Manhattan,45
187,2020-09-03,Manhattan,43
188,2020-09-04,Manhattan,40
189,2020-09-05,Manhattan,40
190,2020-09-06,Manhattan,38
191,2020-09-07,Manhattan,37
192,2020-09-08,Manhattan,37
193,2020-09-09,Manhattan,40
194,2020-09-10,Manhattan,44
195,2020-09-11,Manhattan,47
196,2020-09-12,Manhattan,49
197,2020-09-13,Manhattan,52
198,2020-09-14,Manhattan,57
199,2020-09-15,Manhattan,58
200,2020-09-16,Manhattan,60
201,2020-09-17,Manhattan,64
202,2020-09-18,Manhattan,63
203,2020-09-19,Manhattan,65
204,2020-09-20,Manhattan,65
205,2020-09-21,Manhattan,65
206,2020-09-22,Manhattan,68
207,2020-09-23,Manhattan,70
208,2020-09-24,Manhattan,70
209,2020-09-25,Manhattan,73
210,2020-09-26,Manhattan,71
211,2020-09-27,Manhattan,69
212,2020-09-28,Manhattan,67
213,2020-09-29,Manhattan,68
214,2020-09-30,Manhattan,67
215,2020-10-01,Manhattan,72
216,2020-10-02,Manhattan,73
217,2020-10-03,Manhattan,77
218,2020-10-04,Manhattan,76
219,2020-10-05,Manhattan,79
220,2020-10-06,Manhattan,77
221,2020-10-07,Manhattan,75
222,2020-10-08,Manhattan,69
223,2020-10-09,Manhattan,68
224,2020-10-10,Manhattan,67
225,2020-10-11,Manhattan,67
226,2020-10-12,Manhattan,67
227,2020-10-13,Manhattan,70
228,2020-10-14,Manhattan,71
229,2020-10-15,Manhattan,73
230,2020-10-16,Manhattan,75
231,2020-10-17,Manhattan,77
232,2020-10-18,Manhattan,79
233,2020-10-19,Manhattan,81
234,2020-10-20,Manhattan,82
235,2020-10-21,Manhattan,86
236,2020-10-22,Manhattan,93
237,2020-10-23,Manhattan,91
238,2020-10-24,Manhattan,91
239,2020-10-25,Manhattan,92
240,2020-10-26,Manhattan,94
241,2020-10-27,Manhattan,98
242,2020-10-28,Manhattan,100
243,2020-10-29,Manhattan,97
244,2020-10-30,Manhattan,101
245,2020-10-31,Manhattan,100
246,2020-11-01,Manhattan,103
247,2020-11-02,Manhattan,106
248,2020-11-03,Manhattan,111
249,2020-11-04,Manhattan,120
250,2020-11-05,Manhattan,133
251,2020-11-06,Manhattan,144
252,2020-11-07,Manhattan,158
253,2020-11-08,Manhattan,168
254,2020-11-09,Manhattan,185
255,2020-11-10,Manhattan,207
256,2020-11-11,Manhattan,220
257,2020-11-12,Manhattan,233
258,2020-11-13,Manhattan,245
259,2020-11-14,Manhattan,246
260,2020-11-15,Manhattan,247
261,2020-11-16,Manhattan,256
262,2020-11-17,Manhattan,252
263,2020-11-18,Manhattan,259
264,2020-11-19,Manhattan,266
265,2020-11-20,Manhattan,275
266,2020-11-21,Manhattan,280
267,2020-11-22,Manhattan,284
268,2020-11-23,Manhattan,295
269,2020-11-24,Manhattan,307
270,2020-11-25,Manhattan,314
271,2020-11-26,Manhattan,284
272,2020-11-27,Manhattan,292
273,2020-11-28,Manhattan,311
274,2020-11-29,Manhattan,331
275,2020-11-30,Manhattan,332
276,2020-12-01,Manhattan,357
277,2020-12-02,Manhattan,374
278,2020-12-03,Manhattan,419
279,2020-12-04,Manhattan,421
280,2020-12-05,Manhattan,404
281,2020-12-06,Manhattan,392
282,2020-12-07,Manhattan,396
283,2020-12-08,Manhattan,383
284,2020-12-09,Manhattan,382
285,2020-12-10,Manhattan,383
286,2020-12-11,Manhattan,397
287,2020-12-12,Manhattan,409
288,2020-12-13,Manhattan,421
289,2020-12-14,Manhattan,428
290,2020-12-15,Manhattan,442
291,2020-12-16,Manhattan,436
292,2020-12-17,Manhattan,418
293,2020-12-18,Manhattan,422
294,2020-12-19,Manhattan,426
295,2020-12-20,Manhattan,426
296,2020-12-21,Manhattan,441
297,2020-12-22,Manhattan,440
298,2020-12-23,Manhattan,450
299,2020-12-24,Manhattan,464
300,2020-12-25,Manhattan,412
301,2020-12-26,Manhattan,425
302,2020-12-27,Manhattan,428
303,2020-12-28,Manhattan,439
304,2020-12-29,Manhattan,449
305,2020-12-30,Manhattan,468
306,2020-12-31,Manhattan,463
307,2021-01-01,Manhattan,464
308,2021-01-02,Manhattan,477
309,2021-01-03,Manhattan,489
310,2021-01-04,Manhattan,523
311,2021-01-05,Manhattan,563
312,2021-01-06,Manhattan,577
313,2021-01-07,Manhattan,633
314,2021-01-08,Manhattan,721
315,2021-01-09,Manhattan,711
316,2021-01-10,Manhattan,707
317,2021-01-11,Manhattan,697
318,2021-01-12,Manhattan,665
319,2021-01-13,Manhattan,656
320,2021-01-14,Manhattan,650
321,2021-01-15,Manhattan,634
322,2021-01-16,Manhattan,633
323,2021-01-17,Manhattan,637
324,2021-01-18,Manhattan,602
325,2021-01-19,Manhattan,610
326,2021-01-20,Manhattan,614
327,2021-01-21,Manhattan,610
328,2021-01-22,Manhattan,616
329,2021-01-23,Manhattan,619
330,2021-01-24,Manhattan,617
331,2021-01-25,Manhattan,647
332,2021-01-26,Manhattan,642
333,2021-01-27,Manhattan,639
334,2021-01-28,Manhattan,635
335,2021-01-29,Manhattan,610
336,2021-01-30,Manhattan,595
337,2021-01-31,Manhattan,588
338,2021-02-01,Manhattan,498
339,2021-02-02,Manhattan,463
340,2021-02-03,Manhattan,480
341,2021-02-04,Manhattan,481
342,2021-02-05,Manhattan,483
343,2021-02-06,Manhattan,488
344,2021-02-07,Manhattan,469
345,2021-02-08,Manhattan,530
346,2021-02-09,Manhattan,540
347,2021-02-10,Manhattan,504
348,2021-02-11,Manhattan,482
349,2021-02-12,Manhattan,476
350,2021-02-13,Manhattan,460
351,2021-02-14,Manhattan,466
352,2021-02-15,Manhattan,431
353,2021-02-16,Manhattan,444
354,2021-02-17,Manhattan,440
355,2021-02-18,Manhattan,421
356,2021-02-19,Manhattan,416
357,2021-02-20,Manhattan,426
358,2021-02-21,Manhattan,436
359,2021-02-22,Manhattan,461
360,2021-02-23,Manhattan,450
361,2021-02-24,Manhattan,454
362,2021-02-25,Manhattan,468
363,2021-02-26,Manhattan,477
364,2021-02-27,Manhattan,463
365,2021-02-28,Manhattan,453
366,2021-03-01,Manhattan,452
367,2021-03-02,Manhattan,447
368,2021-03-03,Manhattan,440
369,2021-03-04,Manhattan,437
370,2021-03-05,Manhattan,421
371,2021-03-06,Manhattan,423
372,2021-03-07,Manhattan,421
373,2021-03-08,Manhattan,415
374,2021-03-09,Manhattan,419
375,2021-03-10,Manhattan,418
376,2021-03-11,Manhattan,414
377,2021-03-12,Manhattan,426
378,2021-03-13,Manhattan,429
379,2021-03-14,Manhattan,427
380,2021-03-15,Manhattan,422
381,2021-03-16,Manhattan,417
382,2021-03-17,Manhattan,415
383,2021-03-18,Manhattan,413
384,2021-03-19,Manhattan,405
385,2021-03-20,Manhattan,403
386,2021-03-21,Manhattan,404
387,2021-03-22,Manhattan,423
388,2021-03-23,Manhattan,419
389,2021-03-24,Manhattan,422
390,2021-03-25,Manhattan,442
391,2021-03-26,Manhattan,451
392,2021-03-27,Manhattan,451
393,2021-03-28,Manhattan,450
394,2021-03-29,Manhattan,436
395,2021-03-30,Manhattan,437
396,2021-03-31,Manhattan,436
397,2021-04-01,Manhattan,416
398,2021-04-02,Manhattan,399
399,2021-04-03,Manhattan,394
400,2021-04-04,Manhattan,388
401,2021-04-05,Manhattan,385
402,2021-04-06,Manhattan,384
403,2021-04-07,Manhattan,369
404,2021-04-08,Manhattan,351
405,2021-04-09,Manhattan,343
406,2021-04-10,Manhattan,337
407,2021-04-11,Manhattan,333
408,2021-04-12,Manhattan,313
409,2021-04-13,Manhattan,296
410,2021-04-14,Manhattan,283
411,2021-04-15,Manhattan,277
412,2021-04-16,Manhattan,264
413,2021-04-17,Manhattan,254
414,2021-04-18,Manhattan,251
415,2021-04-19,Manhattan,237
416,2021-04-20,Manhattan,220
417,2021-04-21,Manhattan,200
418,2021-04-22,Manhattan,180
419,2021-04-23,Manhattan,167
420,2021-04-24,Manhattan,161
421,2021-04-25,Manhattan,153
422,2021-04-26,Manhattan,144
423,2021-04-27,Manhattan,133
424,2021-04-28,Manhattan,126
425,2021-04-29,Manhattan,127
426,2021-04-30,Manhattan,123
427,2021-05-01,Manhattan,120
428,2021-05-02,Manhattan,116
429,2021-05-03,Manhattan,110
430,2021-05-04,Manhattan,105
431,2021-05-05,Manhattan,101
432,2021-05-06,Manhattan,94
433,2021-05-07,Manhattan,90
434,2021-05-08,Manhattan,87
435,2021-05-09,Manhattan,87
436,2021-05-10,Manhattan,82
437,2021-05-11,Manhattan,77
438,2021-05-12,Manhattan,71
439,2021-05-13,Manhattan,67
440,2021-05-14,Manhattan,64
441,2021-05-15,Manhattan,63
442,2021-05-16,Manhattan,61
443,2021-05-17,Manhattan,58
444,2021-05-18,Manhattan,57
445,2021-05-19,Manhattan,53
446,2021-05-20,Manhattan,49
447,2021-05-21,Manhattan,48
448,2021-05-22,Manhattan,47
449,2021-05-23,Manhattan,45
450,2021-05-24,Manhattan,42
451,2021-05-25,Manhattan,39
452,2021-05-26,Manhattan,39
453,2021-05-27,Manhattan,37
454,2021-05-28,Manhattan,34
455,2021-05-29,Manhattan,33
456,2021-05-30,Manhattan,33
457,2021-05-31,Manhattan,28
458,2021-06-01,Manhattan,30
459,2021-06-02,Manhattan,29
460,2021-06-03,Manhattan,27
461,2021-06-04,Manhattan,29
462,2021-06-05,Manhattan,28
463,2021-06-06,Manhattan,29
464,2021-06-07,Manhattan,31
465,2021-06-08,Manhattan,27
466,2021-06-09,Manhattan,28
467,2021-06-10,Manhattan,29
468,2021-06-11,Manhattan,29
469,2021-06-12,Manhattan,29
470,2021-06-13,Manhattan,28
471,2021-06-14,Manhattan,28
472,2021-06-15,Manhattan,29
473,2021-06-16,Manhattan,28
474,2021-06-17,Manhattan,27
475,2021-06-18,Manhattan,24
476,2021-06-19,Manhattan,25
477,2021-06-20,Manhattan,24
478,2021-06-21,Manhattan,24
479,2021-06-22,Manhattan,23
480,2021-06-23,Manhattan,24
481,2021-06-24,Manhattan,25
482,2021-06-25,Manhattan,27
483,2021-06-26,Manhattan,26
484,2021-06-27,Manhattan,27
485,2021-06-28,Manhattan,30
486,2021-06-29,Manhattan,31
487,2021-06-30,Manhattan,32
488,2021-07-01,Manhattan,32
489,2021-07-02,Manhattan,36
490,2021-07-03,Manhattan,38
491,2021-07-04,Manhattan,39
492,2021-07-05,Manhattan,37
493,2021-07-06,Manhattan,42
494,2021-07-07,Manhattan,47
495,2021-07-08,Manhattan,54
496,2021-07-09,Manhattan,57
497,2021-07-10,Manhattan,60
498,2021-07-11,Manhattan,64
499,2021-07-12,Manhattan,72
500,2021-07-13,Manhattan,75
501,2021-07-14,Manhattan,86
502,2021-07-15,Manhattan,92
503,2021-07-16,Manhattan,98
504,2021-07-17,Manhattan,99
505,2021-07-18,Manhattan,104
506,2021-07-19,Manhattan,116
507,2021-07-20,Manhattan,125
508,2021-07-21,Manhattan,133
509,2021-07-22,Manhattan,147
510,2021-07-23,Manhattan,158
511,2021-07-24,Manhattan,165
512,2021-07-25,Manhattan,170
513,2021-07-26,Manhattan,182
514,2021-07-27,Manhattan,195
515,2021-07-28,Manhattan,206
516,2021-07-29,Manhattan,207
517,2021-07-30,Manhattan,214
518,2021-07-31,Manhattan,220
519,2021-08-01,Manhattan,225
520,2021-08-02,Manhattan,231
521,2021-08-03,Manhattan,244
522,2021-08-04,Manhattan,252
523,2021-08-05,Manhattan,264
524,2021-08-06,Manhattan,270
525,2021-08-07,Manhattan,273
526,2021-08-08,Manhattan,275
527,2021-08-09,Manhattan,276
528,2021-08-10,Manhattan,270
529,2021-08-11,Manhattan,274
530,2021-08-12,Manhattan,274
531,2021-08-13,Manhattan,275
532,2021-08-14,Manhattan,279
533,2021-08-15,Manhattan,284
534,2021-08-16,Manhattan,290
535,2021-08-17,Manhattan,290
536,2021-08-18,Manhattan,291
537,2021-08-19,Manhattan,291
538,2021-08-20,Manhattan,291
539,2021-08-21,Manhattan,288
540,2021-08-22,Manhattan,274
541,2021-08-23,Manhattan,276
542,2021-08-24,Manhattan,283
543,2021-08-25,Manhattan,284
544,2021-08-26,Manhattan,285
545,2021-08-27,Manhattan,280
546,2021-08-28,Manhattan,276
547,2021-08-29,Manhattan,285
548,2021-08-30,Manhattan,286
549,2021-08-31,Manhattan,279
550,2021-09-01,Manhattan,276
551,2021-09-02,Manhattan,267
552,2021-09-03,Manhattan,264
553,2021-09-04,Manhattan,264
554,2021-09-05,Manhattan,264
555,2021-09-06,Manhattan,236
556,2021-09-07,Manhattan,237
557,2021-09-08,Manhattan,240
558,2021-09-09,Manhattan,247
559,2021-09-10,Manhattan,254
560,2021-09-11,Manhattan,256
561,2021-09-12,Manhattan,265
562,2021-09-13,Manhattan,292
563,2021-09-14,Manhattan,293
564,2021-09-15,Manhattan,286
565,2021-09-16,Manhattan,282
566,2021-09-17,Manhattan,285
567,2021-09-18,Manhattan,280
568,2021-09-19,Manhattan,272
569,2021-09-20,Manhattan,261
570,2021-09-21,Manhattan,257
571,2021-09-22,Manhattan,252
572,2021-09-23,Manhattan,243
573,2021-09-24,Manhattan,231
574,2021-09-25,Manhattan,231
575,2021-09-26,Manhattan,228
576,2021-09-27,Manhattan,222
577,2021-09-28,Manhattan,211
578,2021-09-29,Manhattan,201
579,2021-09-30,Manhattan,198
580,2021-10-01,Manhattan,194
581,2021-10-02,Manhattan,192
582,2021-10-03,Manhattan,186
583,2021-10-04,Manhattan,181
584,2021-10-05,Manhattan,183
585,2021-10-06,Manhattan,184
586,2021-10-07,Manhattan,181
587,2021-10-08,Manhattan,175
588,2021-10-09,Manhattan,171
589,2021-10-10,Manhattan,171
590,2021-10-11,Manhattan,165
591,2021-10-12,Manhattan,162
592,2021-10-13,Manhattan,163
593,2021-10-14,Manhattan,162
594,2021-10-15,Manhattan,161
595,2021-10-16,Manhattan,155
596,2021-10-17,Manhattan,153
597,2021-10-18,Manhattan,149
598,2021-10-19,Manhattan,139
599,2021-10-20,Manhattan,128
600,2021-10-21,Manhattan,122
601,2021-10-22,Manhattan,117
602,2021-10-23,Manhattan,123
603,2021-10-24,Manhattan,121
604,2021-10-25,Manhattan,124
605,2021-10-26,Manhattan,119
606,2021-10-27,Manhattan,118
607,2021-10-28,Manhattan,116
608,2021-10-29,Manhattan,115
609,2021-10-30,Manhattan,111
610,2021-10-31,Manhattan,110
611,2021-11-01,Manhattan,106
612,2021-11-02,Manhattan,117
613,2021-11-03,Manhattan,122
614,2021-11-04,Manhattan,134
615,2021-11-05,Manhattan,137
616,2021-11-06,Manhattan,139
617,2021-11-07,Manhattan,146
618,2021-11-08,Manhattan,158
619,2021-11-09,Manhattan,168
620,2021-11-10,Manhattan,177
621,2021-11-11,Manhattan,171
622,2021-11-12,Manhattan,178
623,2021-11-13,Manhattan,182
624,2021-11-14,Manhattan,187
625,2021-11-15,Manhattan,190
626,2021-11-16,Manhattan,196
627,2021-11-17,Manhattan,203
628,2021-11-18,Manhattan,220
629,2021-11-19,Manhattan,231
630,2021-11-20,Manhattan,236
631,2021-11-21,Manhattan,237
632,2021-11-22,Manhattan,244
633,2021-11-23,Manhattan,244
634,2021-11-24,Manhattan,240
635,2021-11-25,Manhattan,214
636,2021-11-26,Manhattan,204
637,2021-11-27,Manhattan,206
638,2021-11-28,Manhattan,212
639,2021-11-29,Manhattan,235
640,2021-11-30,Manhattan,249
641,2021-12-01,Manhattan,269
642,2021-12-02,Manhattan,310
643,2021-12-03,Manhattan,326
644,2021-12-04,Manhattan,329
645,2021-12-05,Manhattan,336
646,2021-12-06,Manhattan,352
647,2021-12-07,Manhattan,388
648,2021-12-08,Manhattan,443
649,2021-12-09,Manhattan,489
650,2021-12-10,Manhattan,544
651,2021-12-11,Manhattan,585
652,2021-12-12,Manhattan,650
653,2021-12-13,Manhattan,797
654,2021-12-14,Manhattan,1100
655,2021-12-15,Manhattan,1349
656,2021-12-16,Manhattan,1439
657,2020-02-29,Brooklyn,0
658,2020-03-01,Brooklyn,0
659,2020-03-02,Brooklyn,0
660,2020-03-03,Brooklyn,0
661,2020-03-04,Brooklyn,0
662,2020-03-05,Brooklyn,0
663,2020-03-06,Brooklyn,1
664,2020-03-07,Brooklyn,1
665,2020-03-08,Brooklyn,2
666,2020-03-09,Brooklyn,4
667,2020-03-10,Brooklyn,6
668,2020-03-11,Brooklyn,10
669,2020-03-12,Brooklyn,23
670,2020-03-13,Brooklyn,47
671,2020-03-14,Brooklyn,70
672,2020-03-15,Brooklyn,131
673,2020-03-16,Brooklyn,234
674,2020-03-17,Brooklyn,344
675,2020-03-18,Brooklyn,478
676,2020-03-19,Brooklyn,636
677,2020-03-20,Brooklyn,775
678,2020-03-21,Brooklyn,831
679,2020-03-22,Brooklyn,877
680,2020-03-23,Brooklyn,901
681,2020-03-24,Brooklyn,962
682,2020-03-25,Brooklyn,1004
683,2020-03-26,Brooklyn,1028
684,2020-03-27,Brooklyn,1069
685,2020-03-28,Brooklyn,1113
686,2020-03-29,Brooklyn,1170
687,2020-03-30,Brooklyn,1290
688,2020-03-31,Brooklyn,1333
689,2020-04-01,Brooklyn,1381
690,2020-04-02,Brooklyn,1415
691,2020-04-03,Brooklyn,1417
692,2020-04-04,Brooklyn,1425
693,2020-04-05,Brooklyn,1424
694,2020-04-06,Brooklyn,1382
695,2020-04-07,Brooklyn,1366
696,2020-04-08,Brooklyn,1325
697,2020-04-09,Brooklyn,1291
698,2020-04-10,Brooklyn,1249
699,2020-04-11,Brooklyn,1279
700,2020-04-12,Brooklyn,1216
701,2020-04-13,Brooklyn,1160
702,2020-04-14,Brooklyn,1108
703,2020-04-15,Brooklyn,1048
704,2020-04-16,Brooklyn,978
705,2020-04-17,Brooklyn,952
706,2020-04-18,Brooklyn,873
707,2020-04-19,Brooklyn,863
708,2020-04-20,Brooklyn,851
709,2020-04-21,Brooklyn,831
710,2020-04-22,Brooklyn,827
711,2020-04-23,Brooklyn,813
712,2020-04-24,Brooklyn,766
713,2020-04-25,Brooklyn,741
714,2020-04-26,Brooklyn,698
715,2020-04-27,Brooklyn,644
716,2020-04-28,Brooklyn,617
717,2020-04-29,Brooklyn,593
718,2020-04-30,Brooklyn,566
719,2020-05-01,Brooklyn,547
720,2020-05-02,Brooklyn,527
721,2020-05-03,Brooklyn,515
722,2020-05-04,Brooklyn,494
723,2020-05-05,Brooklyn,454
724,2020-05-06,Brooklyn,421
725,2020-05-07,Brooklyn,393
726,2020-05-08,Brooklyn,371
727,2020-05-09,Brooklyn,351
728,2020-05-10,Brooklyn,343
729,2020-05-11,Brooklyn,335
730,2020-05-12,Brooklyn,331
731,2020-05-13,Brooklyn,318
732,2020-05-14,Brooklyn,308
733,2020-05-15,Brooklyn,296
734,2020-05-16,Brooklyn,303
735,2020-05-17,Brooklyn,295
736,2020-05-18,Brooklyn,275
737,2020-05-19,Brooklyn,264
738,2020-05-20,Brooklyn,259
739,2020-05-21,Brooklyn,259
740,2020-05-22,Brooklyn,272
741,2020-05-23,Brooklyn,269
742,2020-05-24,Brooklyn,272
743,2020-05-25,Brooklyn,257
744,2020-05-26,Brooklyn,255
745,2020-05-27,Brooklyn,243
746,2020-05-28,Brooklyn,227
747,2020-05-29,Brooklyn,200
748,2020-05-30,Brooklyn,194
749,2020-05-31,Brooklyn,183
750,2020-06-01,Brooklyn,196
751,2020-06-02,Brooklyn,177
752,2020-06-03,Brooklyn,161
753,2020-06-04,Brooklyn,148
754,2020-06-05,Brooklyn,143
755,2020-06-06,Brooklyn,137
756,2020-06-07,Brooklyn,133
757,2020-06-08,Brooklyn,113
758,2020-06-09,Brooklyn,104
759,2020-06-10,Brooklyn,100
760,2020-06-11,Brooklyn,98
761,2020-06-12,Brooklyn,96
762,2020-06-13,Brooklyn,95
763,2020-06-14,Brooklyn,95
764,2020-06-15,Brooklyn,94
765,2020-06-16,Brooklyn,96
766,2020-06-17,Brooklyn,98
767,2020-06-18,Brooklyn,98
768,2020-06-19,Brooklyn,94
769,2020-06-20,Brooklyn,93
770,2020-06-21,Brooklyn,93
771,2020-06-22,Brooklyn,94
772,2020-06-23,Brooklyn,89
773,2020-06-24,Brooklyn,87
774,2020-06-25,Brooklyn,83
775,2020-06-26,Brooklyn,83
776,2020-06-27,Brooklyn,87
777,2020-06-28,Brooklyn,87
778,2020-06-29,Brooklyn,89
779,2020-06-30,Brooklyn,94
780,2020-07-01,Brooklyn,97
781,2020-07-02,Brooklyn,103
782,2020-07-03,Brooklyn,100
783,2020-07-04,Brooklyn,93
784,2020-07-05,Brooklyn,93
785,2020-07-06,Brooklyn,95
786,2020-07-07,Brooklyn,94
787,2020-07-08,Brooklyn,94
788,2020-07-09,Brooklyn,91
789,2020-07-10,Brooklyn,94
790,2020-07-11,Brooklyn,101
791,2020-07-12,Brooklyn,101
792,2020-07-13,Brooklyn,98
793,2020-07-14,Brooklyn,97
794,2020-07-15,Brooklyn,101
795,2020-07-16,Brooklyn,99
796,2020-07-17,Brooklyn,101
797,2020-07-18,Brooklyn,99
798,2020-07-19,Brooklyn,97
799,2020-07-20,Brooklyn,91
800,2020-07-21,Brooklyn,87
801,2020-07-22,Brooklyn,79
802,2020-07-23,Brooklyn,78
803,2020-07-24,Brooklyn,73
804,2020-07-25,Brooklyn,70
805,2020-07-26,Brooklyn,70
806,2020-07-27,Brooklyn,69
807,2020-07-28,Brooklyn,72
808,2020-07-29,Brooklyn,69
809,2020-07-30,Brooklyn,71
810,2020-07-31,Brooklyn,73
811,2020-08-01,Brooklyn,76
812,2020-08-02,Brooklyn,76
813,2020-08-03,Brooklyn,78
814,2020-08-04,Brooklyn,70
815,2020-08-05,Brooklyn,72
816,2020-08-06,Brooklyn,71
817,2020-08-07,Brooklyn,72
818,2020-08-08,Brooklyn,72
819,2020-08-09,Brooklyn,73
820,2020-08-10,Brooklyn,71
821,2020-08-11,Brooklyn,75
822,2020-08-12,Brooklyn,79
823,2020-08-13,Brooklyn,79
824,2020-08-14,Brooklyn,77
825,2020-08-15,Brooklyn,74
826,2020-08-16,Brooklyn,74
827,2020-08-17,Brooklyn,77
828,2020-08-18,Brooklyn,75
829,2020-08-19,Brooklyn,68
830,2020-08-20,Brooklyn,64
831,2020-08-21,Brooklyn,63
832,2020-08-22,Brooklyn,64
833,2020-08-23,Brooklyn,65
834,2020-08-24,Brooklyn,63
835,2020-08-25,Brooklyn,66
836,2020-08-26,Brooklyn,73
837,2020-08-27,Brooklyn,79
838,2020-08-28,Brooklyn,79
839,2020-08-29,Brooklyn,79
840,2020-08-30,Brooklyn,80
841,2020-08-31,Brooklyn,85
842,2020-09-01,Brooklyn,86
843,2020-09-02,Brooklyn,83
844,2020-09-03,Brooklyn,81
845,2020-09-04,Brooklyn,80
846,2020-09-05,Brooklyn,82
847,2020-09-06,Brooklyn,85
848,2020-09-07,Brooklyn,79
849,2020-09-08,Brooklyn,84
850,2020-09-09,Brooklyn,88
851,2020-09-10,Brooklyn,93
852,2020-09-11,Brooklyn,98
853,2020-09-12,Brooklyn,99
854,2020-09-13,Brooklyn,103
855,2020-09-14,Brooklyn,118
856,2020-09-15,Brooklyn,127
857,2020-09-16,Brooklyn,139
858,2020-09-17,Brooklyn,145
859,2020-09-18,Brooklyn,144
860,2020-09-19,Brooklyn,146
861,2020-09-20,Brooklyn,140
862,2020-09-21,Brooklyn,153
863,2020-09-22,Brooklyn,155
864,2020-09-23,Brooklyn,166
865,2020-09-24,Brooklyn,180
866,2020-09-25,Brooklyn,192
867,2020-09-26,Brooklyn,198
868,2020-09-27,Brooklyn,213
869,2020-09-28,Brooklyn,195
870,2020-09-29,Brooklyn,216
871,2020-09-30,Brooklyn,218
872,2020-10-01,Brooklyn,228
873,2020-10-02,Brooklyn,239
874,2020-10-03,Brooklyn,237
875,2020-10-04,Brooklyn,234
876,2020-10-05,Brooklyn,265
877,2020-10-06,Brooklyn,250
878,2020-10-07,Brooklyn,241
879,2020-10-08,Brooklyn,225
880,2020-10-09,Brooklyn,212
881,2020-10-10,Brooklyn,213
882,2020-10-11,Brooklyn,206
883,2020-10-12,Brooklyn,187
884,2020-10-13,Brooklyn,183
885,2020-10-14,Brooklyn,182
886,2020-10-15,Brooklyn,185
887,2020-10-16,Brooklyn,182
888,2020-10-17,Brooklyn,181
889,2020-10-18,Brooklyn,190
890,2020-10-19,Brooklyn,187
891,2020-10-20,Brooklyn,185
892,2020-10-21,Brooklyn,184
893,2020-10-22,Brooklyn,184
894,2020-10-23,Brooklyn,189
895,2020-10-24,Brooklyn,193
896,2020-10-25,Brooklyn,187
897,2020-10-26,Brooklyn,190
898,2020-10-27,Brooklyn,193
899,2020-10-28,Brooklyn,197
900,2020-10-29,Brooklyn,190
901,2020-10-30,Brooklyn,189
902,2020-10-31,Brooklyn,188
903,2020-11-01,Brooklyn,203
904,2020-11-02,Brooklyn,219
905,2020-11-03,Brooklyn,231
906,2020-11-04,Brooklyn,243
907,2020-11-05,Brooklyn,260
908,2020-11-06,Brooklyn,266
909,2020-11-07,Brooklyn,282
910,2020-11-08,Brooklyn,281
911,2020-11-09,Brooklyn,292
912,2020-11-10,Brooklyn,312
913,2020-11-11,Brooklyn,324
914,2020-11-12,Brooklyn,334
915,2020-11-13,Brooklyn,351
916,2020-11-14,Brooklyn,353
917,2020-11-15,Brooklyn,354
918,2020-11-16,Brooklyn,365
919,2020-11-17,Brooklyn,370
920,2020-11-18,Brooklyn,381
921,2020-11-19,Brooklyn,396
922,2020-11-20,Brooklyn,407
923,2020-11-21,Brooklyn,424
924,2020-11-22,Brooklyn,439
925,2020-11-23,Brooklyn,451
926,2020-11-24,Brooklyn,459
927,2020-11-25,Brooklyn,483
928,2020-11-26,Brooklyn,448
929,2020-11-27,Brooklyn,472
930,2020-11-28,Brooklyn,486
931,2020-11-29,Brooklyn,517
932,2020-11-30,Brooklyn,564
933,2020-12-01,Brooklyn,620
934,2020-12-02,Brooklyn,653
935,2020-12-03,Brooklyn,738
936,2020-12-04,Brooklyn,762
937,2020-12-05,Brooklyn,769
938,2020-12-06,Brooklyn,768
939,2020-12-07,Brooklyn,777
940,2020-12-08,Brooklyn,774
941,2020-12-09,Brooklyn,782
942,2020-12-10,Brooklyn,795
943,2020-12-11,Brooklyn,805
944,2020-12-12,Brooklyn,818
945,2020-12-13,Brooklyn,831
946,2020-12-14,Brooklyn,852
947,2020-12-15,Brooklyn,872
948,2020-12-16,Brooklyn,862
949,2020-12-17,Brooklyn,821
950,2020-12-18,Brooklyn,848
951,2020-12-19,Brooklyn,871
952,2020-12-20,Brooklyn,889
953,2020-12-21,Brooklyn,917
954,2020-12-22,Brooklyn,944
955,2020-12-23,Brooklyn,980
956,2020-12-24,Brooklyn,1026
957,2020-12-25,Brooklyn,928
958,2020-12-26,Brooklyn,966
959,2020-12-27,Brooklyn,986
960,2020-12-28,Brooklyn,1028
961,2020-12-29,Brooklyn,1051
962,2020-12-30,Brooklyn,1094
963,2020-12-31,Brooklyn,1090
964,2021-01-01,Brooklyn,1100
965,2021-01-02,Brooklyn,1111
966,2021-01-03,Brooklyn,1132
967,2021-01-04,Brooklyn,1174
968,2021-01-05,Brooklyn,1223
969,2021-01-06,Brooklyn,1252
970,2021-01-07,Brooklyn,1353
971,2021-01-08,Brooklyn,1501
972,2021-01-09,Brooklyn,1487
973,2021-01-10,Brooklyn,1480
974,2021-01-11,Brooklyn,1460
975,2021-01-12,Brooklyn,1439
976,2021-01-13,Brooklyn,1429
977,2021-01-14,Brooklyn,1418
978,2021-01-15,Brooklyn,1410
979,2021-01-16,Brooklyn,1420
980,2021-01-17,Brooklyn,1405
981,2021-01-18,Brooklyn,1364
982,2021-01-19,Brooklyn,1344
983,2021-01-20,Brooklyn,1318
984,2021-01-21,Brooklyn,1296
985,2021-01-22,Brooklyn,1285
986,2021-01-23,Brooklyn,1261
987,2021-01-24,Brooklyn,1259
988,2021-01-25,Brooklyn,1295
989,2021-01-26,Brooklyn,1281
990,2021-01-27,Brooklyn,1295
991,2021-01-28,Brooklyn,1296
992,2021-01-29,Brooklyn,1264
993,2021-01-30,Brooklyn,1258
994,2021-01-31,Brooklyn,1257
995,2021-02-01,Brooklyn,1061
996,2021-02-02,Brooklyn,989
997,2021-02-03,Brooklyn,997
998,2021-02-04,Brooklyn,994
999,2021-02-05,Brooklyn,1014
1000,2021-02-06,Brooklyn,1019
1001,2021-02-07,Brooklyn,974
1002,2021-02-08,Brooklyn,1117
1003,2021-02-09,Brooklyn,1148
1004,2021-02-10,Brooklyn,1085
1005,2021-02-11,Brooklyn,1019
1006,2021-02-12,Brooklyn,975
1007,2021-02-13,Brooklyn,942
1008,2021-02-14,Brooklyn,945
1009,2021-02-15,Brooklyn,876
1010,2021-02-16,Brooklyn,879
1011,2021-02-17,Brooklyn,871
1012,2021-02-18,Brooklyn,823
1013,2021-02-19,Brooklyn,812
1014,2021-02-20,Brooklyn,813
1015,2021-02-21,Brooklyn,842
1016,2021-02-22,Brooklyn,878
1017,2021-02-23,Brooklyn,873
1018,2021-02-24,Brooklyn,875
1019,2021-02-25,Brooklyn,937
1020,2021-02-26,Brooklyn,950
1021,2021-02-27,Brooklyn,942
1022,2021-02-28,Brooklyn,933
1023,2021-03-01,Brooklyn,942
1024,2021-03-02,Brooklyn,922
1025,2021-03-03,Brooklyn,913
1026,2021-03-04,Brooklyn,900
1027,2021-03-05,Brooklyn,892
1028,2021-03-06,Brooklyn,887
1029,2021-03-07,Brooklyn,868
1030,2021-03-08,Brooklyn,858
1031,2021-03-09,Brooklyn,880
1032,2021-03-10,Brooklyn,880
1033,2021-03-11,Brooklyn,885
1034,2021-03-12,Brooklyn,891
1035,2021-03-13,Brooklyn,896
1036,2021-03-14,Brooklyn,903
1037,2021-03-15,Brooklyn,896
1038,2021-03-16,Brooklyn,883
1039,2021-03-17,Brooklyn,880
1040,2021-03-18,Brooklyn,864
1041,2021-03-19,Brooklyn,860
1042,2021-03-20,Brooklyn,865
1043,2021-03-21,Brooklyn,874
1044,2021-03-22,Brooklyn,896
1045,2021-03-23,Brooklyn,901
1046,2021-03-24,Brooklyn,916
1047,2021-03-25,Brooklyn,958
1048,2021-03-26,Brooklyn,972
1049,2021-03-27,Brooklyn,968
1050,2021-03-28,Brooklyn,949
1051,2021-03-29,Brooklyn,925
1052,2021-03-30,Brooklyn,913
1053,2021-03-31,Brooklyn,900
1054,2021-04-01,Brooklyn,859
1055,2021-04-02,Brooklyn,837
1056,2021-04-03,Brooklyn,838
1057,2021-04-04,Brooklyn,827
1058,2021-04-05,Brooklyn,826
1059,2021-04-06,Brooklyn,825
1060,2021-04-07,Brooklyn,812
1061,2021-04-08,Brooklyn,805
1062,2021-04-09,Brooklyn,799
1063,2021-04-10,Brooklyn,788
1064,2021-04-11,Brooklyn,783
1065,2021-04-12,Brooklyn,756
1066,2021-04-13,Brooklyn,734
1067,2021-04-14,Brooklyn,713
1068,2021-04-15,Brooklyn,688
1069,2021-04-16,Brooklyn,659
1070,2021-04-17,Brooklyn,637
1071,2021-04-18,Brooklyn,622
1072,2021-04-19,Brooklyn,592
1073,2021-04-20,Brooklyn,555
1074,2021-04-21,Brooklyn,524
1075,2021-04-22,Brooklyn,503
1076,2021-04-23,Brooklyn,480
1077,2021-04-24,Brooklyn,465
1078,2021-04-25,Brooklyn,452
1079,2021-04-26,Brooklyn,432
1080,2021-04-27,Brooklyn,414
1081,2021-04-28,Brooklyn,402
1082,2021-04-29,Brooklyn,388
1083,2021-04-30,Brooklyn,372
1084,2021-05-01,Brooklyn,355
1085,2021-05-02,Brooklyn,348
1086,2021-05-03,Brooklyn,323
1087,2021-05-04,Brooklyn,309
1088,2021-05-05,Brooklyn,284
1089,2021-05-06,Brooklyn,267
1090,2021-05-07,Brooklyn,252
1091,2021-05-08,Brooklyn,242
1092,2021-05-09,Brooklyn,226
1093,2021-05-10,Brooklyn,210
1094,2021-05-11,Brooklyn,198
1095,2021-05-12,Brooklyn,191
1096,2021-05-13,Brooklyn,174
1097,2021-05-14,Brooklyn,163
1098,2021-05-15,Brooklyn,159
1099,2021-05-16,Brooklyn,158
1100,2021-05-17,Brooklyn,150
1101,2021-05-18,Brooklyn,139
1102,2021-05-19,Brooklyn,129
1103,2021-05-20,Brooklyn,127
1104,2021-05-21,Brooklyn,123
1105,2021-05-22,Brooklyn,121
1106,2021-05-23,Brooklyn,116
1107,2021-05-24,Brooklyn,109
1108,2021-05-25,Brooklyn,104
1109,2021-05-26,Brooklyn,97
1110,2021-05-27,Brooklyn,87
1111,2021-05-28,Brooklyn,80
1112,2021-05-29,Brooklyn,73
1113,2021-05-30,Brooklyn,69
1114,2021-05-31,Brooklyn,59
1115,2021-06-01,Brooklyn,53
1116,2021-06-02,Brooklyn,51
1117,2021-06-03,Brooklyn,51
1118,2021-06-04,Brooklyn,51
1119,2021-06-05,Brooklyn,53
1120,2021-06-06,Brooklyn,53
1121,2021-06-07,Brooklyn,57
1122,2021-06-08,Brooklyn,56
1123,2021-06-09,Brooklyn,55
1124,2021-06-10,Brooklyn,52
1125,2021-06-11,Brooklyn,49
1126,2021-06-12,Brooklyn,47
1127,2021-06-13,Brooklyn,47
1128,2021-06-14,Brooklyn,45
1129,2021-06-15,Brooklyn,43
1130,2021-06-16,Brooklyn,41
1131,2021-06-17,Brooklyn,42
1132,2021-06-18,Brooklyn,44
1133,2021-06-19,Brooklyn,45
1134,2021-06-20,Brooklyn,44
1135,2021-06-21,Brooklyn,43
1136,2021-06-22,Brooklyn,44
1137,2021-06-23,Brooklyn,44
1138,2021-06-24,Brooklyn,44
1139,2021-06-25,Brooklyn,45
1140,2021-06-26,Brooklyn,46
1141,2021-06-27,Brooklyn,45
1142,2021-06-28,Brooklyn,46
1143,2021-06-29,Brooklyn,47
1144,2021-06-30,Brooklyn,50
1145,2021-07-01,Brooklyn,52
1146,2021-07-02,Brooklyn,52
1147,2021-07-03,Brooklyn,53
1148,2021-07-04,Brooklyn,53
1149,2021-07-05,Brooklyn,55
1150,2021-07-06,Brooklyn,65
1151,2021-07-07,Brooklyn,75
1152,2021-07-08,Brooklyn,82
1153,2021-07-09,Brooklyn,89
1154,2021-07-10,Brooklyn,92
1155,2021-07-11,Brooklyn,99
1156,2021-07-12,Brooklyn,116
1157,2021-07-13,Brooklyn,119
1158,2021-07-14,Brooklyn,125
1159,2021-07-15,Brooklyn,134
1160,2021-07-16,Brooklyn,144
1161,2021-07-17,Brooklyn,151
1162,2021-07-18,Brooklyn,160
1163,2021-07-19,Brooklyn,174
1164,2021-07-20,Brooklyn,185
1165,2021-07-21,Brooklyn,203
1166,2021-07-22,Brooklyn,224
1167,2021-07-23,Brooklyn,244
1168,2021-07-24,Brooklyn,255
1169,2021-07-25,Brooklyn,265
1170,2021-07-26,Brooklyn,286
1171,2021-07-27,Brooklyn,311
1172,2021-07-28,Brooklyn,322
1173,2021-07-29,Brooklyn,339
1174,2021-07-30,Brooklyn,355
1175,2021-07-31,Brooklyn,366
1176,2021-08-01,Brooklyn,377
1177,2021-08-02,Brooklyn,391
1178,2021-08-03,Brooklyn,403
1179,2021-08-04,Brooklyn,422
1180,2021-08-05,Brooklyn,432
1181,2021-08-06,Brooklyn,446
1182,2021-08-07,Brooklyn,461
1183,2021-08-08,Brooklyn,465
1184,2021-08-09,Brooklyn,481
1185,2021-08-10,Brooklyn,487
1186,2021-08-11,Brooklyn,491
1187,2021-08-12,Brooklyn,500
1188,2021-08-13,Brooklyn,497
1189,2021-08-14,Brooklyn,493
1190,2021-08-15,Brooklyn,507
1191,2021-08-16,Brooklyn,507
1192,2021-08-17,Brooklyn,516
1193,2021-08-18,Brooklyn,517
1194,2021-08-19,Brooklyn,512
1195,2021-08-20,Brooklyn,513
1196,2021-08-21,Brooklyn,512
1197,2021-08-22,Brooklyn,491
1198,2021-08-23,Brooklyn,494
1199,2021-08-24,Brooklyn,496
1200,2021-08-25,Brooklyn,498
1201,2021-08-26,Brooklyn,496
1202,2021-08-27,Brooklyn,489
1203,2021-08-28,Brooklyn,483
1204,2021-08-29,Brooklyn,493
1205,2021-08-30,Brooklyn,484
1206,2021-08-31,Brooklyn,472
1207,2021-09-01,Brooklyn,460
1208,2021-09-02,Brooklyn,453
1209,2021-09-03,Brooklyn,449
1210,2021-09-04,Brooklyn,443
1211,2021-09-05,Brooklyn,442
1212,2021-09-06,Brooklyn,398
1213,2021-09-07,Brooklyn,384
1214,2021-09-08,Brooklyn,381
1215,2021-09-09,Brooklyn,403
1216,2021-09-10,Brooklyn,413
1217,2021-09-11,Brooklyn,424
1218,2021-09-12,Brooklyn,449
1219,2021-09-13,Brooklyn,500
1220,2021-09-14,Brooklyn,525
1221,2021-09-15,Brooklyn,537
1222,2021-09-16,Brooklyn,512
1223,2021-09-17,Brooklyn,520
1224,2021-09-18,Brooklyn,523
1225,2021-09-19,Brooklyn,518
1226,2021-09-20,Brooklyn,505
1227,2021-09-21,Brooklyn,475
1228,2021-09-22,Brooklyn,470
1229,2021-09-23,Brooklyn,478
1230,2021-09-24,Brooklyn,463
1231,2021-09-25,Brooklyn,456
1232,2021-09-26,Brooklyn,437
1233,2021-09-27,Brooklyn,433
1234,2021-09-28,Brooklyn,427
1235,2021-09-29,Brooklyn,407
1236,2021-09-30,Brooklyn,398
1237,2021-10-01,Brooklyn,392
1238,2021-10-02,Brooklyn,388
1239,2021-10-03,Brooklyn,405
1240,2021-10-04,Brooklyn,404
1241,2021-10-05,Brooklyn,426
1242,2021-10-06,Brooklyn,442
1243,2021-10-07,Brooklyn,435
1244,2021-10-08,Brooklyn,441
1245,2021-10-09,Brooklyn,436
1246,2021-10-10,Brooklyn,415
1247,2021-10-11,Brooklyn,393
1248,2021-10-12,Brooklyn,387
1249,2021-10-13,Brooklyn,376
1250,2021-10-14,Brooklyn,379
1251,2021-10-15,Brooklyn,361
1252,2021-10-16,Brooklyn,353
1253,2021-10-17,Brooklyn,346
1254,2021-10-18,Brooklyn,346
1255,2021-10-19,Brooklyn,324
1256,2021-10-20,Brooklyn,308
1257,2021-10-21,Brooklyn,296
1258,2021-10-22,Brooklyn,286
1259,2021-10-23,Brooklyn,282
1260,2021-10-24,Brooklyn,273
1261,2021-10-25,Brooklyn,273
1262,2021-10-26,Brooklyn,263
1263,2021-10-27,Brooklyn,262
1264,2021-10-28,Brooklyn,257
1265,2021-10-29,Brooklyn,254
1266,2021-10-30,Brooklyn,253
1267,2021-10-31,Brooklyn,253
1268,2021-11-01,Brooklyn,246
1269,2021-11-02,Brooklyn,255
1270,2021-11-03,Brooklyn,257
1271,2021-11-04,Brooklyn,262
1272,2021-11-05,Brooklyn,270
1273,2021-11-06,Brooklyn,276
1274,2021-11-07,Brooklyn,277
1275,2021-11-08,Brooklyn,289
1276,2021-11-09,Brooklyn,297
1277,2021-11-10,Brooklyn,305
1278,2021-11-11,Brooklyn,305
1279,2021-11-12,Brooklyn,317
1280,2021-11-13,Brooklyn,323
1281,2021-11-14,Brooklyn,331
1282,2021-11-15,Brooklyn,334
1283,2021-11-16,Brooklyn,344
1284,2021-11-17,Brooklyn,355
1285,2021-11-18,Brooklyn,366
1286,2021-11-19,Brooklyn,363
1287,2021-11-20,Brooklyn,368
1288,2021-11-21,Brooklyn,373
1289,2021-11-22,Brooklyn,387
1290,2021-11-23,Brooklyn,394
1291,2021-11-24,Brooklyn,397
1292,2021-11-25,Brooklyn,363
1293,2021-11-26,Brooklyn,365
1294,2021-11-27,Brooklyn,368
1295,2021-11-28,Brooklyn,372
1296,2021-11-29,Brooklyn,393
1297,2021-11-30,Brooklyn,406
1298,2021-12-01,Brooklyn,441
1299,2021-12-02,Brooklyn,503
1300,2021-12-03,Brooklyn,534
1301,2021-12-04,Brooklyn,545
1302,2021-12-05,Brooklyn,565
1303,2021-12-06,Brooklyn,590
1304,2021-12-07,Brooklyn,635
1305,2021-12-08,Brooklyn,672
1306,2021-12-09,Brooklyn,709
1307,2021-12-10,Brooklyn,764
1308,2021-12-11,Brooklyn,796
1309,2021-12-12,Brooklyn,845
1310,2021-12-13,Brooklyn,989
1311,2021-12-14,Brooklyn,1214
1312,2021-12-15,Brooklyn,1428
1313,2021-12-16,Brooklyn,1502
1314,2020-02-29,Bronx,0
1315,2020-03-01,Bronx,0
1316,2020-03-02,Bronx,0
1317,2020-03-03,Bronx,0
1318,2020-03-04,Bronx,0
1319,2020-03-05,Bronx,0
1320,2020-03-06,Bronx,0
1321,2020-03-07,Bronx,0
1322,2020-03-08,Bronx,1
1323,2020-03-09,Bronx,1
1324,2020-03-10,Bronx,2
1325,2020-03-11,Bronx,5
1326,2020-03-12,Bronx,9
1327,2020-03-13,Bronx,20
1328,2020-03-14,Bronx,33
1329,2020-03-15,Bronx,49
1330,2020-03-16,Bronx,92
1331,2020-03-17,Bronx,140
1332,2020-03-18,Bronx,206
1333,2020-03-19,Bronx,291
1334,2020-03-20,Bronx,383
1335,2020-03-21,Bronx,441
1336,2020-03-22,Bronx,494
1337,2020-03-23,Bronx,555
1338,2020-03-24,Bronx,638
1339,2020-03-25,Bronx,722
1340,2020-03-26,Bronx,776
1341,2020-03-27,Bronx,828
1342,2020-03-28,Bronx,867
1343,2020-03-29,Bronx,896
1344,2020-03-30,Bronx,979
1345,2020-03-31,Bronx,1030
1346,2020-04-01,Bronx,1055
1347,2020-04-02,Bronx,1097
1348,2020-04-03,Bronx,1148
1349,2020-04-04,Bronx,1184
1350,2020-04-05,Bronx,1201
1351,2020-04-06,Bronx,1230
1352,2020-04-07,Bronx,1256
1353,2020-04-08,Bronx,1265
1354,2020-04-09,Bronx,1264
1355,2020-04-10,Bronx,1232
1356,2020-04-11,Bronx,1231
1357,2020-04-12,Bronx,1222
1358,2020-04-13,Bronx,1105
1359,2020-04-14,Bronx,1050
1360,2020-04-15,Bronx,1016
1361,2020-04-16,Bronx,966
1362,2020-04-17,Bronx,922
1363,2020-04-18,Bronx,858
1364,2020-04-19,Bronx,825
1365,2020-04-20,Bronx,866
1366,2020-04-21,Bronx,804
1367,2020-04-22,Bronx,784
1368,2020-04-23,Bronx,755
1369,2020-04-24,Bronx,707
1370,2020-04-25,Bronx,688
1371,2020-04-26,Bronx,640
1372,2020-04-27,Bronx,578
1373,2020-04-28,Bronx,582
1374,2020-04-29,Bronx,529
1375,2020-04-30,Bronx,493
1376,2020-05-01,Bronx,475
1377,2020-05-02,Bronx,452
1378,2020-05-03,Bronx,446
1379,2020-05-04,Bronx,417
1380,2020-05-05,Bronx,364
1381,2020-05-06,Bronx,324
1382,2020-05-07,Bronx,298
1383,2020-05-08,Bronx,269
1384,2020-05-09,Bronx,257
1385,2020-05-10,Bronx,246
1386,2020-05-11,Bronx,228
1387,2020-05-12,Bronx,237
1388,2020-05-13,Bronx,263
1389,2020-05-14,Bronx,257
1390,2020-05-15,Bronx,247
1391,2020-05-16,Bronx,237
1392,2020-05-17,Bronx,235
1393,2020-05-18,Bronx,229
1394,2020-05-19,Bronx,204
1395,2020-05-20,Bronx,178
1396,2020-05-21,Bronx,170
1397,2020-05-22,Bronx,182
1398,2020-05-23,Bronx,179
1399,2020-05-24,Bronx,186
1400,2020-05-25,Bronx,174
1401,2020-05-26,Bronx,188
1402,2020-05-27,Bronx,175
1403,2020-05-28,Bronx,164
1404,2020-05-29,Bronx,149
1405,2020-05-30,Bronx,148
1406,2020-05-31,Bronx,138
1407,2020-06-01,Bronx,146
1408,2020-06-02,Bronx,123
1409,2020-06-03,Bronx,113
1410,2020-06-04,Bronx,114
1411,2020-06-05,Bronx,106
1412,2020-06-06,Bronx,102
1413,2020-06-07,Bronx,104
1414,2020-06-08,Bronx,95
1415,2020-06-09,Bronx,89
1416,2020-06-10,Bronx,83
1417,2020-06-11,Bronx,75
1418,2020-06-12,Bronx,71
1419,2020-06-13,Bronx,70
1420,2020-06-14,Bronx,68
1421,2020-06-15,Bronx,66
1422,2020-06-16,Bronx,65
1423,2020-06-17,Bronx,64
1424,2020-06-18,Bronx,63
1425,2020-06-19,Bronx,64
1426,2020-06-20,Bronx,64
1427,2020-06-21,Bronx,64
1428,2020-06-22,Bronx,66
1429,2020-06-23,Bronx,65
1430,2020-06-24,Bronx,68
1431,2020-06-25,Bronx,69
1432,2020-06-26,Bronx,66
1433,2020-06-27,Bronx,62
1434,2020-06-28,Bronx,64
1435,2020-06-29,Bronx,61
1436,2020-06-30,Bronx,62
1437,2020-07-01,Bronx,58
1438,2020-07-02,Bronx,59
1439,2020-07-03,Bronx,55
1440,2020-07-04,Bronx,55
1441,2020-07-05,Bronx,53
1442,2020-07-06,Bronx,52
1443,2020-07-07,Bronx,57
1444,2020-07-08,Bronx,60
1445,2020-07-09,Bronx,62
1446,2020-07-10,Bronx,66
1447,2020-07-11,Bronx,68
1448,2020-07-12,Bronx,72
1449,2020-07-13,Bronx,78
1450,2020-07-14,Bronx,72
1451,2020-07-15,Bronx,75
1452,2020-07-16,Bronx,75
1453,2020-07-17,Bronx,77
1454,2020-07-18,Bronx,79
1455,2020-07-19,Bronx,78
1456,2020-07-20,Bronx,76
1457,2020-07-21,Bronx,76
1458,2020-07-22,Bronx,72
1459,2020-07-23,Bronx,69
1460,2020-07-24,Bronx,69
1461,2020-07-25,Bronx,64
1462,2020-07-26,Bronx,63
1463,2020-07-27,Bronx,58
1464,2020-07-28,Bronx,56
1465,2020-07-29,Bronx,56
1466,2020-07-30,Bronx,55
1467,2020-07-31,Bronx,52
1468,2020-08-01,Bronx,54
1469,2020-08-02,Bronx,54
1470,2020-08-03,Bronx,59
1471,2020-08-04,Bronx,58
1472,2020-08-05,Bronx,56
1473,2020-08-06,Bronx,57
1474,2020-08-07,Bronx,56
1475,2020-08-08,Bronx,55
1476,2020-08-09,Bronx,54
1477,2020-08-10,Bronx,53
1478,2020-08-11,Bronx,56
1479,2020-08-12,Bronx,55
1480,2020-08-13,Bronx,54
1481,2020-08-14,Bronx,57
1482,2020-08-15,Bronx,58
1483,2020-08-16,Bronx,59
1484,2020-08-17,Bronx,56
1485,2020-08-18,Bronx,54
1486,2020-08-19,Bronx,53
1487,2020-08-20,Bronx,53
1488,2020-08-21,Bronx,51
1489,2020-08-22,Bronx,49
1490,2020-08-23,Bronx,50
1491,2020-08-24,Bronx,49
1492,2020-08-25,Bronx,51
1493,2020-08-26,Bronx,53
1494,2020-08-27,Bronx,51
1495,2020-08-28,Bronx,55
1496,2020-08-29,Bronx,55
1497,2020-08-30,Bronx,53
1498,2020-08-31,Bronx,50
1499,2020-09-01,Bronx,49
1500,2020-09-02,Bronx,45
1501,2020-09-03,Bronx,44
1502,2020-09-04,Bronx,39
1503,2020-09-05,Bronx,39
1504,2020-09-06,Bronx,39
1505,2020-09-07,Bronx,37
1506,2020-09-08,Bronx,41
1507,2020-09-09,Bronx,43
1508,2020-09-10,Bronx,44
1509,2020-09-11,Bronx,45
1510,2020-09-12,Bronx,46
1511,2020-09-13,Bronx,46
1512,2020-09-14,Bronx,52
1513,2020-09-15,Bronx,50
1514,2020-09-16,Bronx,50
1515,2020-09-17,Bronx,52
1516,2020-09-18,Bronx,51
1517,2020-09-19,Bronx,50
1518,2020-09-20,Bronx,52
1519,2020-09-21,Bronx,52
1520,2020-09-22,Bronx,53
1521,2020-09-23,Bronx,57
1522,2020-09-24,Bronx,58
1523,2020-09-25,Bronx,59
1524,2020-09-26,Bronx,61
1525,2020-09-27,Bronx,61
1526,2020-09-28,Bronx,62
1527,2020-09-29,Bronx,61
1528,2020-09-30,Bronx,56
1529,2020-10-01,Bronx,58
1530,2020-10-02,Bronx,62
1531,2020-10-03,Bronx,61
1532,2020-10-04,Bronx,61
1533,2020-10-05,Bronx,63
1534,2020-10-06,Bronx,63
1535,2020-10-07,Bronx,67
1536,2020-10-08,Bronx,67
1537,2020-10-09,Bronx,68
1538,2020-10-10,Bronx,69
1539,2020-10-11,Bronx,69
1540,2020-10-12,Bronx,63
1541,2020-10-13,Bronx,67
1542,2020-10-14,Bronx,69
1543,2020-10-15,Bronx,70
1544,2020-10-16,Bronx,68
1545,2020-10-17,Bronx,72
1546,2020-10-18,Bronx,73
1547,2020-10-19,Bronx,81
1548,2020-10-20,Bronx,81
1549,2020-10-21,Bronx,82
1550,2020-10-22,Bronx,86
1551,2020-10-23,Bronx,91
1552,2020-10-24,Bronx,93
1553,2020-10-25,Bronx,96
1554,2020-10-26,Bronx,99
1555,2020-10-27,Bronx,103
1556,2020-10-28,Bronx,107
1557,2020-10-29,Bronx,104
1558,2020-10-30,Bronx,104
1559,2020-10-31,Bronx,103
1560,2020-11-01,Bronx,102
1561,2020-11-02,Bronx,106
1562,2020-11-03,Bronx,110
1563,2020-11-04,Bronx,119
1564,2020-11-05,Bronx,133
1565,2020-11-06,Bronx,144
1566,2020-11-07,Bronx,154
1567,2020-11-08,Bronx,161
1568,2020-11-09,Bronx,173
1569,2020-11-10,Bronx,190
1570,2020-11-11,Bronx,197
1571,2020-11-12,Bronx,205
1572,2020-11-13,Bronx,216
1573,2020-11-14,Bronx,225
1574,2020-11-15,Bronx,229
1575,2020-11-16,Bronx,239
1576,2020-11-17,Bronx,248
1577,2020-11-18,Bronx,258
1578,2020-11-19,Bronx,274
1579,2020-11-20,Bronx,282
1580,2020-11-21,Bronx,291
1581,2020-11-22,Bronx,298
1582,2020-11-23,Bronx,315
1583,2020-11-24,Bronx,321
1584,2020-11-25,Bronx,338
1585,2020-11-26,Bronx,306
1586,2020-11-27,Bronx,314
1587,2020-11-28,Bronx,325
1588,2020-11-29,Bronx,334
1589,2020-11-30,Bronx,337
1590,2020-12-01,Bronx,368
1591,2020-12-02,Bronx,384
1592,2020-12-03,Bronx,439
1593,2020-12-04,Bronx,464
1594,2020-12-05,Bronx,463
1595,2020-12-06,Bronx,464
1596,2020-12-07,Bronx,478
1597,2020-12-08,Bronx,464
1598,2020-12-09,Bronx,463
1599,2020-12-10,Bronx,470
1600,2020-12-11,Bronx,461
1601,2020-12-12,Bronx,470
1602,2020-12-13,Bronx,479
1603,2020-12-14,Bronx,488
1604,2020-12-15,Bronx,507
1605,2020-12-16,Bronx,496
1606,2020-12-17,Bronx,452
1607,2020-12-18,Bronx,469
1608,2020-12-19,Bronx,471
1609,2020-12-20,Bronx,468
1610,2020-12-21,Bronx,482
1611,2020-12-22,Bronx,496
1612,2020-12-23,Bronx,523
1613,2020-12-24,Bronx,557
1614,2020-12-25,Bronx,491
1615,2020-12-26,Bronx,510
1616,2020-12-27,Bronx,536
1617,2020-12-28,Bronx,580
1618,2020-12-29,Bronx,617
1619,2020-12-30,Bronx,665
1620,2020-12-31,Bronx,688
1621,2021-01-01,Bronx,695
1622,2021-01-02,Bronx,722
1623,2021-01-03,Bronx,726
1624,2021-01-04,Bronx,760
1625,2021-01-05,Bronx,784
1626,2021-01-06,Bronx,805
1627,2021-01-07,Bronx,850
1628,2021-01-08,Bronx,961
1629,2021-01-09,Bronx,955
1630,2021-01-10,Bronx,948
1631,2021-01-11,Bronx,931
1632,2021-01-12,Bronx,907
1633,2021-01-13,Bronx,898
1634,2021-01-14,Bronx,900
1635,2021-01-15,Bronx,892
1636,2021-01-16,Bronx,882
1637,2021-01-17,Bronx,888
1638,2021-01-18,Bronx,835
1639,2021-01-19,Bronx,847
1640,2021-01-20,Bronx,847
1641,2021-01-21,Bronx,842
1642,2021-01-22,Bronx,860
1643,2021-01-23,Bronx,868
1644,2021-01-24,Bronx,867
1645,2021-01-25,Bronx,922
1646,2021-01-26,Bronx,908
1647,2021-01-27,Bronx,897
1648,2021-01-28,Bronx,897
1649,2021-01-29,Bronx,850
1650,2021-01-30,Bronx,835
1651,2021-01-31,Bronx,843
1652,2021-02-01,Bronx,702
1653,2021-02-02,Bronx,623
1654,2021-02-03,Bronx,642
1655,2021-02-04,Bronx,658
1656,2021-02-05,Bronx,689
1657,2021-02-06,Bronx,712
1658,2021-02-07,Bronx,680
1659,2021-02-08,Bronx,795
1660,2021-02-09,Bronx,858
1661,2021-02-10,Bronx,825
1662,2021-02-11,Bronx,776
1663,2021-02-12,Bronx,744
1664,2021-02-13,Bronx,701
1665,2021-02-14,Bronx,708
1666,2021-02-15,Bronx,644
1667,2021-02-16,Bronx,632
1668,2021-02-17,Bronx,619
1669,2021-02-18,Bronx,570
1670,2021-02-19,Bronx,554
1671,2021-02-20,Bronx,567
1672,2021-02-21,Bronx,565
1673,2021-02-22,Bronx,597
1674,2021-02-23,Bronx,589
1675,2021-02-24,Bronx,581
1676,2021-02-25,Bronx,628
1677,2021-02-26,Bronx,636
1678,2021-02-27,Bronx,617
1679,2021-02-28,Bronx,613
1680,2021-03-01,Bronx,610
1681,2021-03-02,Bronx,586
1682,2021-03-03,Bronx,575
1683,2021-03-04,Bronx,555
1684,2021-03-05,Bronx,537
1685,2021-03-06,Bronx,531
1686,2021-03-07,Bronx,526
1687,2021-03-08,Bronx,511
1688,2021-03-09,Bronx,513
1689,2021-03-10,Bronx,503
1690,2021-03-11,Bronx,498
1691,2021-03-12,Bronx,501
1692,2021-03-13,Bronx,501
1693,2021-03-14,Bronx,495
1694,2021-03-15,Bronx,486
1695,2021-03-16,Bronx,484
1696,2021-03-17,Bronx,477
1697,2021-03-18,Bronx,471
1698,2021-03-19,Bronx,467
1699,2021-03-20,Bronx,467
1700,2021-03-21,Bronx,474
1701,2021-03-22,Bronx,487
1702,2021-03-23,Bronx,487
1703,2021-03-24,Bronx,496
1704,2021-03-25,Bronx,516
1705,2021-03-26,Bronx,519
1706,2021-03-27,Bronx,523
1707,2021-03-28,Bronx,518
1708,2021-03-29,Bronx,514
1709,2021-03-30,Bronx,517
1710,2021-03-31,Bronx,507
1711,2021-04-01,Bronx,488
1712,2021-04-02,Bronx,458
1713,2021-04-03,Bronx,451
1714,2021-04-04,Bronx,442
1715,2021-04-05,Bronx,425
1716,2021-04-06,Bronx,411
1717,2021-04-07,Bronx,406
1718,2021-04-08,Bronx,394
1719,2021-04-09,Bronx,393
1720,2021-04-10,Bronx,381
1721,2021-04-11,Bronx,379
1722,2021-04-12,Bronx,365
1723,2021-04-13,Bronx,348
1724,2021-04-14,Bronx,331
1725,2021-04-15,Bronx,322
1726,2021-04-16,Bronx,309
1727,2021-04-17,Bronx,306
1728,2021-04-18,Bronx,304
1729,2021-04-19,Bronx,287
1730,2021-04-20,Bronx,273
1731,2021-04-21,Bronx,253
1732,2021-04-22,Bronx,235
1733,2021-04-23,Bronx,228
1734,2021-04-24,Bronx,216
1735,2021-04-25,Bronx,206
1736,2021-04-26,Bronx,198
1737,2021-04-27,Bronx,186
1738,2021-04-28,Bronx,184
1739,2021-04-29,Bronx,173
1740,2021-04-30,Bronx,167
1741,2021-05-01,Bronx,162
1742,2021-05-02,Bronx,158
1743,2021-05-03,Bronx,148
1744,2021-05-04,Bronx,141
1745,2021-05-05,Bronx,134
1746,2021-05-06,Bronx,131
1747,2021-05-07,Bronx,125
1748,2021-05-08,Bronx,122
1749,2021-05-09,Bronx,119
1750,2021-05-10,Bronx,116
1751,2021-05-11,Bronx,107
1752,2021-05-12,Bronx,102
1753,2021-05-13,Bronx,96
1754,2021-05-14,Bronx,88
1755,2021-05-15,Bronx,85
1756,2021-05-16,Bronx,85
1757,2021-05-17,Bronx,77
1758,2021-05-18,Bronx,75
1759,2021-05-19,Bronx,70
1760,2021-05-20,Bronx,66
1761,2021-05-21,Bronx,63
1762,2021-05-22,Bronx,61
1763,2021-05-23,Bronx,58
1764,2021-05-24,Bronx,55
1765,2021-05-25,Bronx,52
1766,2021-05-26,Bronx,48
1767,2021-05-27,Bronx,46
1768,2021-05-28,Bronx,44
1769,2021-05-29,Bronx,42
1770,2021-05-30,Bronx,41
1771,2021-05-31,Bronx,35
1772,2021-06-01,Bronx,38
1773,2021-06-02,Bronx,40
1774,2021-06-03,Bronx,38
1775,2021-06-04,Bronx,41
1776,2021-06-05,Bronx,44
1777,2021-06-06,Bronx,44
1778,2021-06-07,Bronx,50
1779,2021-06-08,Bronx,45
1780,2021-06-09,Bronx,45
1781,2021-06-10,Bronx,44
1782,2021-06-11,Bronx,41
1783,2021-06-12,Bronx,39
1784,2021-06-13,Bronx,38
1785,2021-06-14,Bronx,35
1786,2021-06-15,Bronx,34
1787,2021-06-16,Bronx,30
1788,2021-06-17,Bronx,31
1789,2021-06-18,Bronx,28
1790,2021-06-19,Bronx,27
1791,2021-06-20,Bronx,26
1792,2021-06-21,Bronx,25
1793,2021-06-22,Bronx,23
1794,2021-06-23,Bronx,23
1795,2021-06-24,Bronx,21
1796,2021-06-25,Bronx,20
1797,2021-06-26,Bronx,19
1798,2021-06-27,Bronx,19
1799,2021-06-28,Bronx,19
1800,2021-06-29,Bronx,21
1801,2021-06-30,Bronx,21
1802,2021-07-01,Bronx,23
1803,2021-07-02,Bronx,25
1804,2021-07-03,Bronx,26
1805,2021-07-04,Bronx,26
1806,2021-07-05,Bronx,25
1807,2021-07-06,Bronx,27
1808,2021-07-07,Bronx,30
1809,2021-07-08,Bronx,33
1810,2021-07-09,Bronx,36
1811,2021-07-10,Bronx,39
1812,2021-07-11,Bronx,42
1813,2021-07-12,Bronx,49
1814,2021-07-13,Bronx,48
1815,2021-07-14,Bronx,49
1816,2021-07-15,Bronx,52
1817,2021-07-16,Bronx,55
1818,2021-07-17,Bronx,58
1819,2021-07-18,Bronx,58
1820,2021-07-19,Bronx,64
1821,2021-07-20,Bronx,72
1822,2021-07-21,Bronx,81
1823,2021-07-22,Bronx,91
1824,2021-07-23,Bronx,98
1825,2021-07-24,Bronx,98
1826,2021-07-25,Bronx,103
1827,2021-07-26,Bronx,109
1828,2021-07-27,Bronx,116
1829,2021-07-28,Bronx,125
1830,2021-07-29,Bronx,130
1831,2021-07-30,Bronx,135
1832,2021-07-31,Bronx,144
1833,2021-08-01,Bronx,148
1834,2021-08-02,Bronx,160
1835,2021-08-03,Bronx,172
1836,2021-08-04,Bronx,176
1837,2021-08-05,Bronx,181
1838,2021-08-06,Bronx,188
1839,2021-08-07,Bronx,196
1840,2021-08-08,Bronx,205
1841,2021-08-09,Bronx,212
1842,2021-08-10,Bronx,217
1843,2021-08-11,Bronx,224
1844,2021-08-12,Bronx,227
1845,2021-08-13,Bronx,235
1846,2021-08-14,Bronx,231
1847,2021-08-15,Bronx,228
1848,2021-08-16,Bronx,234
1849,2021-08-17,Bronx,238
1850,2021-08-18,Bronx,240
1851,2021-08-19,Bronx,245
1852,2021-08-20,Bronx,247
1853,2021-08-21,Bronx,252
1854,2021-08-22,Bronx,247
1855,2021-08-23,Bronx,242
1856,2021-08-24,Bronx,242
1857,2021-08-25,Bronx,244
1858,2021-08-26,Bronx,242
1859,2021-08-27,Bronx,236
1860,2021-08-28,Bronx,235
1861,2021-08-29,Bronx,240
1862,2021-08-30,Bronx,242
1863,2021-08-31,Bronx,236
1864,2021-09-01,Bronx,227
1865,2021-09-02,Bronx,221
1866,2021-09-03,Bronx,218
1867,2021-09-04,Bronx,211
1868,2021-09-05,Bronx,211
1869,2021-09-06,Bronx,191
1870,2021-09-07,Bronx,195
1871,2021-09-08,Bronx,196
1872,2021-09-09,Bronx,200
1873,2021-09-10,Bronx,203
1874,2021-09-11,Bronx,205
1875,2021-09-12,Bronx,203
1876,2021-09-13,Bronx,212
1877,2021-09-14,Bronx,200
1878,2021-09-15,Bronx,199
1879,2021-09-16,Bronx,192
1880,2021-09-17,Bronx,184
1881,2021-09-18,Bronx,179
1882,2021-09-19,Bronx,181
1883,2021-09-20,Bronx,184
1884,2021-09-21,Bronx,184
1885,2021-09-22,Bronx,180
1886,2021-09-23,Bronx,172
1887,2021-09-24,Bronx,170
1888,2021-09-25,Bronx,169
1889,2021-09-26,Bronx,163
1890,2021-09-27,Bronx,154
1891,2021-09-28,Bronx,148
1892,2021-09-29,Bronx,140
1893,2021-09-30,Bronx,141
1894,2021-10-01,Bronx,138
1895,2021-10-02,Bronx,135
1896,2021-10-03,Bronx,130
1897,2021-10-04,Bronx,127
1898,2021-10-05,Bronx,128
1899,2021-10-06,Bronx,126
1900,2021-10-07,Bronx,123
1901,2021-10-08,Bronx,121
1902,2021-10-09,Bronx,120
1903,2021-10-10,Bronx,120
1904,2021-10-11,Bronx,112
1905,2021-10-12,Bronx,106
1906,2021-10-13,Bronx,103
1907,2021-10-14,Bronx,101
1908,2021-10-15,Bronx,99
1909,2021-10-16,Bronx,97
1910,2021-10-17,Bronx,96
1911,2021-10-18,Bronx,95
1912,2021-10-19,Bronx,91
1913,2021-10-20,Bronx,88
1914,2021-10-21,Bronx,84
1915,2021-10-22,Bronx,81
1916,2021-10-23,Bronx,81
1917,2021-10-24,Bronx,79
1918,2021-10-25,Bronx,78
1919,2021-10-26,Bronx,74
1920,2021-10-27,Bronx,74
1921,2021-10-28,Bronx,74
1922,2021-10-29,Bronx,74
1923,2021-10-30,Bronx,72
1924,2021-10-31,Bronx,73
1925,2021-11-01,Bronx,70
1926,2021-11-02,Bronx,71
1927,2021-11-03,Bronx,68
1928,2021-11-04,Bronx,71
1929,2021-11-05,Bronx,72
1930,2021-11-06,Bronx,74
1931,2021-11-07,Bronx,74
1932,2021-11-08,Bronx,83
1933,2021-11-09,Bronx,86
1934,2021-11-10,Bronx,93
1935,2021-11-11,Bronx,91
1936,2021-11-12,Bronx,93
1937,2021-11-13,Bronx,95
1938,2021-11-14,Bronx,95
1939,2021-11-15,Bronx,95
1940,2021-11-16,Bronx,102
1941,2021-11-17,Bronx,108
1942,2021-11-18,Bronx,119
1943,2021-11-19,Bronx,120
1944,2021-11-20,Bronx,121
1945,2021-11-21,Bronx,124
1946,2021-11-22,Bronx,126
1947,2021-11-23,Bronx,125
1948,2021-11-24,Bronx,125
1949,2021-11-25,Bronx,105
1950,2021-11-26,Bronx,110
1951,2021-11-27,Bronx,114
1952,2021-11-28,Bronx,116
1953,2021-11-29,Bronx,135
1954,2021-11-30,Bronx,154
1955,2021-12-01,Bronx,171
1956,2021-12-02,Bronx,209
1957,2021-12-03,Bronx,223
1958,2021-12-04,Bronx,233
1959,2021-12-05,Bronx,238
1960,2021-12-06,Bronx,247
1961,2021-12-07,Bronx,254
1962,2021-12-08,Bronx,261
1963,2021-12-09,Bronx,267
1964,2021-12-10,Bronx,280
1965,2021-12-11,Bronx,292
1966,2021-12-12,Bronx,309
1967,2021-12-13,Bronx,353
1968,2021-12-14,Bronx,418
1969,2021-12-15,Bronx,473
1970,2021-12-16,Bronx,506
1971,2020-02-29,Queens,0
1972,2020-03-01,Queens,0
1973,2020-03-02,Queens,0
1974,2020-03-03,Queens,0
1975,2020-03-04,Queens,0
1976,2020-03-05,Queens,0
1977,2020-03-06,Queens,1
1978,2020-03-07,Queens,1
1979,2020-03-08,Queens,2
1980,2020-03-09,Queens,3
1981,2020-03-10,Queens,7
1982,2020-03-11,Queens,12
1983,2020-03-12,Queens,23
1984,2020-03-13,Queens,47
1985,2020-03-14,Queens,74
1986,2020-03-15,Queens,106
1987,2020-03-16,Queens,180
1988,2020-03-17,Queens,270
1989,2020-03-18,Queens,384
1990,2020-03-19,Queens,524
1991,2020-03-20,Queens,670
1992,2020-03-21,Queens,777
1993,2020-03-22,Queens,844
1994,2020-03-23,Queens,939
1995,2020-03-24,Queens,1044
1996,2020-03-25,Queens,1149
1997,2020-03-26,Queens,1232
1998,2020-03-27,Queens,1288
1999,2020-03-28,Queens,1324
2000,2020-03-29,Queens,1379
2001,2020-03-30,Queens,1474
2002,2020-03-31,Queens,1534
2003,2020-04-01,Queens,1564
2004,2020-04-02,Queens,1590
2005,2020-04-03,Queens,1616
2006,2020-04-04,Queens,1617
2007,2020-04-05,Queens,1625
2008,2020-04-06,Queens,1635
2009,2020-04-07,Queens,1655
2010,2020-04-08,Queens,1666
2011,2020-04-09,Queens,1627
2012,2020-04-10,Queens,1567
2013,2020-04-11,Queens,1537
2014,2020-04-12,Queens,1505
2015,2020-04-13,Queens,1369
2016,2020-04-14,Queens,1277
2017,2020-04-15,Queens,1180
2018,2020-04-16,Queens,1120
2019,2020-04-17,Queens,1085
2020,2020-04-18,Queens,1045
2021,2020-04-19,Queens,1038
2022,2020-04-20,Queens,1073
2023,2020-04-21,Queens,1022
2024,2020-04-22,Queens,1011
2025,2020-04-23,Queens,962
2026,2020-04-24,Queens,916
2027,2020-04-25,Queens,892
2028,2020-04-26,Queens,815
2029,2020-04-27,Queens,744
2030,2020-04-28,Queens,738
2031,2020-04-29,Queens,678
2032,2020-04-30,Queens,650
2033,2020-05-01,Queens,628
2034,2020-05-02,Queens,599
2035,2020-05-03,Queens,587
2036,2020-05-04,Queens,546
2037,2020-05-05,Queens,484
2038,2020-05-06,Queens,449
2039,2020-05-07,Queens,415
2040,2020-05-08,Queens,376
2041,2020-05-09,Queens,365
2042,2020-05-10,Queens,341
2043,2020-05-11,Queens,332
2044,2020-05-12,Queens,311
2045,2020-05-13,Queens,291
2046,2020-05-14,Queens,288
2047,2020-05-15,Queens,276
2048,2020-05-16,Queens,259
2049,2020-05-17,Queens,262
2050,2020-05-18,Queens,248
2051,2020-05-19,Queens,244
2052,2020-05-20,Queens,237
2053,2020-05-21,Queens,234
2054,2020-05-22,Queens,230
2055,2020-05-23,Queens,230
2056,2020-05-24,Queens,232
2057,2020-05-25,Queens,209
2058,2020-05-26,Queens,207
2059,2020-05-27,Queens,194
2060,2020-05-28,Queens,175
2061,2020-05-29,Queens,172
2062,2020-05-30,Queens,168
2063,2020-05-31,Queens,162
2064,2020-06-01,Queens,168
2065,2020-06-02,Queens,153
2066,2020-06-03,Queens,150
2067,2020-06-04,Queens,145
2068,2020-06-05,Queens,130
2069,2020-06-06,Queens,128
2070,2020-06-07,Queens,128
2071,2020-06-08,Queens,126
2072,2020-06-09,Queens,121
2073,2020-06-10,Queens,116
2074,2020-06-11,Queens,111
2075,2020-06-12,Queens,115
2076,2020-06-13,Queens,111
2077,2020-06-14,Queens,110
2078,2020-06-15,Queens,107
2079,2020-06-16,Queens,105
2080,2020-06-17,Queens,103
2081,2020-06-18,Queens,104
2082,2020-06-19,Queens,103
2083,2020-06-20,Queens,100
2084,2020-06-21,Queens,99
2085,2020-06-22,Queens,98
2086,2020-06-23,Queens,99
2087,2020-06-24,Queens,100
2088,2020-06-25,Queens,94
2089,2020-06-26,Queens,87
2090,2020-06-27,Queens,88
2091,2020-06-28,Queens,88
2092,2020-06-29,Queens,90
2093,2020-06-30,Queens,89
2094,2020-07-01,Queens,87
2095,2020-07-02,Queens,93
2096,2020-07-03,Queens,91
2097,2020-07-04,Queens,87
2098,2020-07-05,Queens,85
2099,2020-07-06,Queens,82
2100,2020-07-07,Queens,81
2101,2020-07-08,Queens,81
2102,2020-07-09,Queens,77
2103,2020-07-10,Queens,81
2104,2020-07-11,Queens,89
2105,2020-07-12,Queens,93
2106,2020-07-13,Queens,96
2107,2020-07-14,Queens,98
2108,2020-07-15,Queens,99
2109,2020-07-16,Queens,101
2110,2020-07-17,Queens,103
2111,2020-07-18,Queens,98
2112,2020-07-19,Queens,94
2113,2020-07-20,Queens,90
2114,2020-07-21,Queens,87
2115,2020-07-22,Queens,85
2116,2020-07-23,Queens,78
2117,2020-07-24,Queens,74
2118,2020-07-25,Queens,74
2119,2020-07-26,Queens,72
2120,2020-07-27,Queens,67
2121,2020-07-28,Queens,64
2122,2020-07-29,Queens,62
2123,2020-07-30,Queens,62
2124,2020-07-31,Queens,60
2125,2020-08-01,Queens,61
2126,2020-08-02,Queens,61
2127,2020-08-03,Queens,61
2128,2020-08-04,Queens,58
2129,2020-08-05,Queens,59
2130,2020-08-06,Queens,60
2131,2020-08-07,Queens,60
2132,2020-08-08,Queens,58
2133,2020-08-09,Queens,59
2134,2020-08-10,Queens,58
2135,2020-08-11,Queens,59
2136,2020-08-12,Queens,59
2137,2020-08-13,Queens,60
2138,2020-08-14,Queens,61
2139,2020-08-15,Queens,61
2140,2020-08-16,Queens,62
2141,2020-08-17,Queens,64
2142,2020-08-18,Queens,69
2143,2020-08-19,Queens,67
2144,2020-08-20,Queens,65
2145,2020-08-21,Queens,64
2146,2020-08-22,Queens,63
2147,2020-08-23,Queens,63
2148,2020-08-24,Queens,61
2149,2020-08-25,Queens,59
2150,2020-08-26,Queens,58
2151,2020-08-27,Queens,59
2152,2020-08-28,Queens,58
2153,2020-08-29,Queens,58
2154,2020-08-30,Queens,58
2155,2020-08-31,Queens,57
2156,2020-09-01,Queens,58
2157,2020-09-02,Queens,58
2158,2020-09-03,Queens,62
2159,2020-09-04,Queens,63
2160,2020-09-05,Queens,63
2161,2020-09-06,Queens,66
2162,2020-09-07,Queens,63
2163,2020-09-08,Queens,66
2164,2020-09-09,Queens,68
2165,2020-09-10,Queens,65
2166,2020-09-11,Queens,68
2167,2020-09-12,Queens,72
2168,2020-09-13,Queens,73
2169,2020-09-14,Queens,80
2170,2020-09-15,Queens,78
2171,2020-09-16,Queens,79
2172,2020-09-17,Queens,84
2173,2020-09-18,Queens,83
2174,2020-09-19,Queens,83
2175,2020-09-20,Queens,79
2176,2020-09-21,Queens,82
2177,2020-09-22,Queens,86
2178,2020-09-23,Queens,89
2179,2020-09-24,Queens,88
2180,2020-09-25,Queens,96
2181,2020-09-26,Queens,96
2182,2020-09-27,Queens,105
2183,2020-09-28,Queens,103
2184,2020-09-29,Queens,113
2185,2020-09-30,Queens,116
2186,2020-10-01,Queens,122
2187,2020-10-02,Queens,124
2188,2020-10-03,Queens,130
2189,2020-10-04,Queens,127
2190,2020-10-05,Queens,139
2191,2020-10-06,Queens,135
2192,2020-10-07,Queens,134
2193,2020-10-08,Queens,130
2194,2020-10-09,Queens,130
2195,2020-10-10,Queens,130
2196,2020-10-11,Queens,130
2197,2020-10-12,Queens,119
2198,2020-10-13,Queens,116
2199,2020-10-14,Queens,120
2200,2020-10-15,Queens,125
2201,2020-10-16,Queens,123
2202,2020-10-17,Queens,125
2203,2020-10-18,Queens,130
2204,2020-10-19,Queens,139
2205,2020-10-20,Queens,143
2206,2020-10-21,Queens,147
2207,2020-10-22,Queens,152
2208,2020-10-23,Queens,156
2209,2020-10-24,Queens,155
2210,2020-10-25,Queens,150
2211,2020-10-26,Queens,147
2212,2020-10-27,Queens,151
2213,2020-10-28,Queens,153
2214,2020-10-29,Queens,149
2215,2020-10-30,Queens,150
2216,2020-10-31,Queens,152
2217,2020-11-01,Queens,154
2218,2020-11-02,Queens,164
2219,2020-11-03,Queens,164
2220,2020-11-04,Queens,174
2221,2020-11-05,Queens,196
2222,2020-11-06,Queens,214
2223,2020-11-07,Queens,233
2224,2020-11-08,Queens,251
2225,2020-11-09,Queens,279
2226,2020-11-10,Queens,312
2227,2020-11-11,Queens,336
2228,2020-11-12,Queens,351
2229,2020-11-13,Queens,370
2230,2020-11-14,Queens,380
2231,2020-11-15,Queens,383
2232,2020-11-16,Queens,395
2233,2020-11-17,Queens,397
2234,2020-11-18,Queens,396
2235,2020-11-19,Queens,403
2236,2020-11-20,Queens,407
2237,2020-11-21,Queens,407
2238,2020-11-22,Queens,414
2239,2020-11-23,Queens,428
2240,2020-11-24,Queens,444
2241,2020-11-25,Queens,472
2242,2020-11-26,Queens,435
2243,2020-11-27,Queens,463
2244,2020-11-28,Queens,489
2245,2020-11-29,Queens,520
2246,2020-11-30,Queens,538
2247,2020-12-01,Queens,585
2248,2020-12-02,Queens,614
2249,2020-12-03,Queens,697
2250,2020-12-04,Queens,712
2251,2020-12-05,Queens,725
2252,2020-12-06,Queens,727
2253,2020-12-07,Queens,760
2254,2020-12-08,Queens,766
2255,2020-12-09,Queens,767
2256,2020-12-10,Queens,783
2257,2020-12-11,Queens,801
2258,2020-12-12,Queens,815
2259,2020-12-13,Queens,838
2260,2020-12-14,Queens,844
2261,2020-12-15,Queens,871
2262,2020-12-16,Queens,865
2263,2020-12-17,Queens,806
2264,2020-12-18,Queens,813
2265,2020-12-19,Queens,828
2266,2020-12-20,Queens,831
2267,2020-12-21,Queens,871
2268,2020-12-22,Queens,887
2269,2020-12-23,Queens,941
2270,2020-12-24,Queens,997
2271,2020-12-25,Queens,907
2272,2020-12-26,Queens,946
2273,2020-12-27,Queens,970
2274,2020-12-28,Queens,1005
2275,2020-12-29,Queens,1062
2276,2020-12-30,Queens,1105
2277,2020-12-31,Queens,1125
2278,2021-01-01,Queens,1144
2279,2021-01-02,Queens,1181
2280,2021-01-03,Queens,1213
2281,2021-01-04,Queens,1262
2282,2021-01-05,Queens,1293
2283,2021-01-06,Queens,1319
2284,2021-01-07,Queens,1399
2285,2021-01-08,Queens,1566
2286,2021-01-09,Queens,1545
2287,2021-01-10,Queens,1535
2288,2021-01-11,Queens,1511
2289,2021-01-12,Queens,1470
2290,2021-01-13,Queens,1447
2291,2021-01-14,Queens,1443
2292,2021-01-15,Queens,1427
2293,2021-01-16,Queens,1409
2294,2021-01-17,Queens,1386
2295,2021-01-18,Queens,1348
2296,2021-01-19,Queens,1346
2297,2021-01-20,Queens,1334
2298,2021-01-21,Queens,1329
2299,2021-01-22,Queens,1300
2300,2021-01-23,Queens,1292
2301,2021-01-24,Queens,1299
2302,2021-01-25,Queens,1326
2303,2021-01-26,Queens,1304
2304,2021-01-27,Queens,1296
2305,2021-01-28,Queens,1274
2306,2021-01-29,Queens,1243
2307,2021-01-30,Queens,1231
2308,2021-01-31,Queens,1231
2309,2021-02-01,Queens,1033
2310,2021-02-02,Queens,947
2311,2021-02-03,Queens,950
2312,2021-02-04,Queens,959
2313,2021-02-05,Queens,974
2314,2021-02-06,Queens,971
2315,2021-02-07,Queens,905
2316,2021-02-08,Queens,1049
2317,2021-02-09,Queens,1083
2318,2021-02-10,Queens,1026
2319,2021-02-11,Queens,965
2320,2021-02-12,Queens,929
2321,2021-02-13,Queens,902
2322,2021-02-14,Queens,920
2323,2021-02-15,Queens,868
2324,2021-02-16,Queens,870
2325,2021-02-17,Queens,858
2326,2021-02-18,Queens,797
2327,2021-02-19,Queens,787
2328,2021-02-20,Queens,799
2329,2021-02-21,Queens,811
2330,2021-02-22,Queens,827
2331,2021-02-23,Queens,814
2332,2021-02-24,Queens,817
2333,2021-02-25,Queens,876
2334,2021-02-26,Queens,880
2335,2021-02-27,Queens,858
2336,2021-02-28,Queens,845
2337,2021-03-01,Queens,852
2338,2021-03-02,Queens,842
2339,2021-03-03,Queens,830
2340,2021-03-04,Queens,815
2341,2021-03-05,Queens,804
2342,2021-03-06,Queens,812
2343,2021-03-07,Queens,816
2344,2021-03-08,Queens,800
2345,2021-03-09,Queens,808
2346,2021-03-10,Queens,814
2347,2021-03-11,Queens,823
2348,2021-03-12,Queens,845
2349,2021-03-13,Queens,855
2350,2021-03-14,Queens,863
2351,2021-03-15,Queens,888
2352,2021-03-16,Queens,891
2353,2021-03-17,Queens,896
2354,2021-03-18,Queens,891
2355,2021-03-19,Queens,881
2356,2021-03-20,Queens,878
2357,2021-03-21,Queens,881
2358,2021-03-22,Queens,885
2359,2021-03-23,Queens,885
2360,2021-03-24,Queens,895
2361,2021-03-25,Queens,930
2362,2021-03-26,Queens,951
2363,2021-03-27,Queens,952
2364,2021-03-28,Queens,933
2365,2021-03-29,Queens,930
2366,2021-03-30,Queens,929
2367,2021-03-31,Queens,919
2368,2021-04-01,Queens,876
2369,2021-04-02,Queens,842
2370,2021-04-03,Queens,831
2371,2021-04-04,Queens,818
2372,2021-04-05,Queens,802
2373,2021-04-06,Queens,791
2374,2021-04-07,Queens,769
2375,2021-04-08,Queens,763
2376,2021-04-09,Queens,752
2377,2021-04-10,Queens,740
2378,2021-04-11,Queens,732
2379,2021-04-12,Queens,698
2380,2021-04-13,Queens,674
2381,2021-04-14,Queens,653
2382,2021-04-15,Queens,621
2383,2021-04-16,Queens,597
2384,2021-04-17,Queens,573
2385,2021-04-18,Queens,558
2386,2021-04-19,Queens,530
2387,2021-04-20,Queens,493
2388,2021-04-21,Queens,457
2389,2021-04-22,Queens,431
2390,2021-04-23,Queens,402
2391,2021-04-24,Queens,380
2392,2021-04-25,Queens,373
2393,2021-04-26,Queens,346
2394,2021-04-27,Queens,327
2395,2021-04-28,Queens,324
2396,2021-04-29,Queens,308
2397,2021-04-30,Queens,295
2398,2021-05-01,Queens,284
2399,2021-05-02,Queens,273
2400,2021-05-03,Queens,260
2401,2021-05-04,Queens,251
2402,2021-05-05,Queens,232
2403,2021-05-06,Queens,226
2404,2021-05-07,Queens,214
2405,2021-05-08,Queens,206
2406,2021-05-09,Queens,198
2407,2021-05-10,Queens,185
2408,2021-05-11,Queens,178
2409,2021-05-12,Queens,168
2410,2021-05-13,Queens,157
2411,2021-05-14,Queens,152
2412,2021-05-15,Queens,149
2413,2021-05-16,Queens,145
2414,2021-05-17,Queens,136
2415,2021-05-18,Queens,124
2416,2021-05-19,Queens,117
2417,2021-05-20,Queens,111
2418,2021-05-21,Queens,103
2419,2021-05-22,Queens,99
2420,2021-05-23,Queens,94
2421,2021-05-24,Queens,92
2422,2021-05-25,Queens,89
2423,2021-05-26,Queens,84
2424,2021-05-27,Queens,78
2425,2021-05-28,Queens,72
2426,2021-05-29,Queens,68
2427,2021-05-30,Queens,65
2428,2021-05-31,Queens,57
2429,2021-06-01,Queens,56
2430,2021-06-02,Queens,55
2431,2021-06-03,Queens,54
2432,2021-06-04,Queens,51
2433,2021-06-05,Queens,49
2434,2021-06-06,Queens,50
2435,2021-06-07,Queens,51
2436,2021-06-08,Queens,46
2437,2021-06-09,Queens,42
2438,2021-06-10,Queens,38
2439,2021-06-11,Queens,39
2440,2021-06-12,Queens,41
2441,2021-06-13,Queens,40
2442,2021-06-14,Queens,40
2443,2021-06-15,Queens,43
2444,2021-06-16,Queens,43
2445,2021-06-17,Queens,46
2446,2021-06-18,Queens,45
2447,2021-06-19,Queens,43
2448,2021-06-20,Queens,42
2449,2021-06-21,Queens,42
2450,2021-06-22,Queens,41
2451,2021-06-23,Queens,42
2452,2021-06-24,Queens,42
2453,2021-06-25,Queens,43
2454,2021-06-26,Queens,44
2455,2021-06-27,Queens,43
2456,2021-06-28,Queens,44
2457,2021-06-29,Queens,44
2458,2021-06-30,Queens,44
2459,2021-07-01,Queens,45
2460,2021-07-02,Queens,46
2461,2021-07-03,Queens,46
2462,2021-07-04,Queens,48
2463,2021-07-05,Queens,48
2464,2021-07-06,Queens,52
2465,2021-07-07,Queens,57
2466,2021-07-08,Queens,61
2467,2021-07-09,Queens,65
2468,2021-07-10,Queens,69
2469,2021-07-11,Queens,75
2470,2021-07-12,Queens,83
2471,2021-07-13,Queens,86
2472,2021-07-14,Queens,89
2473,2021-07-15,Queens,96
2474,2021-07-16,Queens,100
2475,2021-07-17,Queens,103
2476,2021-07-18,Queens,107
2477,2021-07-19,Queens,116
2478,2021-07-20,Queens,123
2479,2021-07-21,Queens,135
2480,2021-07-22,Queens,144
2481,2021-07-23,Queens,158
2482,2021-07-24,Queens,167
2483,2021-07-25,Queens,177
2484,2021-07-26,Queens,191
2485,2021-07-27,Queens,212
2486,2021-07-28,Queens,225
2487,2021-07-29,Queens,242
2488,2021-07-30,Queens,257
2489,2021-07-31,Queens,268
2490,2021-08-01,Queens,275
2491,2021-08-02,Queens,291
2492,2021-08-03,Queens,301
2493,2021-08-04,Queens,315
2494,2021-08-05,Queens,321
2495,2021-08-06,Queens,336
2496,2021-08-07,Queens,347
2497,2021-08-08,Queens,359
2498,2021-08-09,Queens,374
2499,2021-08-10,Queens,380
2500,2021-08-11,Queens,388
2501,2021-08-12,Queens,401
2502,2021-08-13,Queens,397
2503,2021-08-14,Queens,391
2504,2021-08-15,Queens,392
2505,2021-08-16,Queens,390
2506,2021-08-17,Queens,391
2507,2021-08-18,Queens,394
2508,2021-08-19,Queens,390
2509,2021-08-20,Queens,383
2510,2021-08-21,Queens,386
2511,2021-08-22,Queens,365
2512,2021-08-23,Queens,367
2513,2021-08-24,Queens,365
2514,2021-08-25,Queens,354
2515,2021-08-26,Queens,350
2516,2021-08-27,Queens,349
2517,2021-08-28,Queens,347
2518,2021-08-29,Queens,361
2519,2021-08-30,Queens,347
2520,2021-08-31,Queens,335
2521,2021-09-01,Queens,332
2522,2021-09-02,Queens,320
2523,2021-09-03,Queens,317
2524,2021-09-04,Queens,318
2525,2021-09-05,Queens,312
2526,2021-09-06,Queens,289
2527,2021-09-07,Queens,295
2528,2021-09-08,Queens,299
2529,2021-09-09,Queens,313
2530,2021-09-10,Queens,320
2531,2021-09-11,Queens,324
2532,2021-09-12,Queens,330
2533,2021-09-13,Queens,353
2534,2021-09-14,Queens,353
2535,2021-09-15,Queens,348
2536,2021-09-16,Queens,337
2537,2021-09-17,Queens,335
2538,2021-09-18,Queens,332
2539,2021-09-19,Queens,326
2540,2021-09-20,Queens,328
2541,2021-09-21,Queens,321
2542,2021-09-22,Queens,314
2543,2021-09-23,Queens,315
2544,2021-09-24,Queens,305
2545,2021-09-25,Queens,295
2546,2021-09-26,Queens,293
2547,2021-09-27,Queens,281
2548,2021-09-28,Queens,277
2549,2021-09-29,Queens,272
2550,2021-09-30,Queens,259
2551,2021-10-01,Queens,253
2552,2021-10-02,Queens,248
2553,2021-10-03,Queens,250
2554,2021-10-04,Queens,245
2555,2021-10-05,Queens,241
2556,2021-10-06,Queens,235
2557,2021-10-07,Queens,239
2558,2021-10-08,Queens,230
2559,2021-10-09,Queens,229
2560,2021-10-10,Queens,219
2561,2021-10-11,Queens,209
2562,2021-10-12,Queens,206
2563,2021-10-13,Queens,207
2564,2021-10-14,Queens,198
2565,2021-10-15,Queens,200
2566,2021-10-16,Queens,199
2567,2021-10-17,Queens,196
2568,2021-10-18,Queens,189
2569,2021-10-19,Queens,180
2570,2021-10-20,Queens,171
2571,2021-10-21,Queens,165
2572,2021-10-22,Queens,155
2573,2021-10-23,Queens,146
2574,2021-10-24,Queens,139
2575,2021-10-25,Queens,141
2576,2021-10-26,Queens,135
2577,2021-10-27,Queens,132
2578,2021-10-28,Queens,129
2579,2021-10-29,Queens,130
2580,2021-10-30,Queens,134
2581,2021-10-31,Queens,137
2582,2021-11-01,Queens,138
2583,2021-11-02,Queens,147
2584,2021-11-03,Queens,154
2585,2021-11-04,Queens,160
2586,2021-11-05,Queens,166
2587,2021-11-06,Queens,170
2588,2021-11-07,Queens,173
2589,2021-11-08,Queens,184
2590,2021-11-09,Queens,191
2591,2021-11-10,Queens,199
2592,2021-11-11,Queens,205
2593,2021-11-12,Queens,215
2594,2021-11-13,Queens,218
2595,2021-11-14,Queens,223
2596,2021-11-15,Queens,231
2597,2021-11-16,Queens,239
2598,2021-11-17,Queens,252
2599,2021-11-18,Queens,264
2600,2021-11-19,Queens,274
2601,2021-11-20,Queens,287
2602,2021-11-21,Queens,296
2603,2021-11-22,Queens,307
2604,2021-11-23,Queens,313
2605,2021-11-24,Queens,318
2606,2021-11-25,Queens,295
2607,2021-11-26,Queens,298
2608,2021-11-27,Queens,305
2609,2021-11-28,Queens,319
2610,2021-11-29,Queens,359
2611,2021-11-30,Queens,388
2612,2021-12-01,Queens,416
2613,2021-12-02,Queens,472
2614,2021-12-03,Queens,500
2615,2021-12-04,Queens,515
2616,2021-12-05,Queens,526
2617,2021-12-06,Queens,534
2618,2021-12-07,Queens,556
2619,2021-12-08,Queens,577
2620,2021-12-09,Queens,603
2621,2021-12-10,Queens,631
2622,2021-12-11,Queens,655
2623,2021-12-12,Queens,685
2624,2021-12-13,Queens,773
2625,2021-12-14,Queens,883
2626,2021-12-15,Queens,977
2627,2021-12-16,Queens,996
2628,2020-02-29,Staten Island,0
2629,2020-03-01,Staten Island,0
2630,2020-03-02,Staten Island,0
2631,2020-03-03,Staten Island,0
2632,2020-03-04,Staten Island,0
2633,2020-03-05,Staten Island,0
2634,2020-03-06,Staten Island,0
2635,2020-03-07,Staten Island,0
2636,2020-03-08,Staten Island,0
2637,2020-03-09,Staten Island,1
2638,2020-03-10,Staten Island,1
2639,2020-03-11,Staten Island,2
2640,2020-03-12,Staten Island,3
2641,2020-03-13,Staten Island,7
2642,2020-03-14,Staten Island,10
2643,2020-03-15,Staten Island,17
2644,2020-03-16,Staten Island,29
2645,2020-03-17,Staten Island,44
2646,2020-03-18,Staten Island,65
2647,2020-03-19,Staten Island,100
2648,2020-03-20,Staten Island,141
2649,2020-03-21,Staten Island,173
2650,2020-03-22,Staten Island,212
2651,2020-03-23,Staten Island,229
2652,2020-03-24,Staten Island,263
2653,2020-03-25,Staten Island,298
2654,2020-03-26,Staten Island,319
2655,2020-03-27,Staten Island,328
2656,2020-03-28,Staten Island,330
2657,2020-03-29,Staten Island,318
2658,2020-03-30,Staten Island,345
2659,2020-03-31,Staten Island,329
2660,2020-04-01,Staten Island,310
2661,2020-04-02,Staten Island,305
2662,2020-04-03,Staten Island,301
2663,2020-04-04,Staten Island,313
2664,2020-04-05,Staten Island,326
2665,2020-04-06,Staten Island,373
2666,2020-04-07,Staten Island,429
2667,2020-04-08,Staten Island,472
2668,2020-04-09,Staten Island,462
2669,2020-04-10,Staten Island,456
2670,2020-04-11,Staten Island,451
2671,2020-04-12,Staten Island,441
2672,2020-04-13,Staten Island,363
2673,2020-04-14,Staten Island,314
2674,2020-04-15,Staten Island,279
2675,2020-04-16,Staten Island,267
2676,2020-04-17,Staten Island,264
2677,2020-04-18,Staten Island,241
2678,2020-04-19,Staten Island,224
2679,2020-04-20,Staten Island,230
2680,2020-04-21,Staten Island,219
2681,2020-04-22,Staten Island,199
2682,2020-04-23,Staten Island,187
2683,2020-04-24,Staten Island,167
2684,2020-04-25,Staten Island,158
2685,2020-04-26,Staten Island,145
2686,2020-04-27,Staten Island,129
2687,2020-04-28,Staten Island,116
2688,2020-04-29,Staten Island,109
2689,2020-04-30,Staten Island,110
2690,2020-05-01,Staten Island,100
2691,2020-05-02,Staten Island,97
2692,2020-05-03,Staten Island,95
2693,2020-05-04,Staten Island,92
2694,2020-05-05,Staten Island,85
2695,2020-05-06,Staten Island,76
2696,2020-05-07,Staten Island,66
2697,2020-05-08,Staten Island,61
2698,2020-05-09,Staten Island,57
2699,2020-05-10,Staten Island,54
2700,2020-05-11,Staten Island,45
2701,2020-05-12,Staten Island,41
2702,2020-05-13,Staten Island,39
2703,2020-05-14,Staten Island,37
2704,2020-05-15,Staten Island,35
2705,2020-05-16,Staten Island,34
2706,2020-05-17,Staten Island,34
2707,2020-05-18,Staten Island,35
2708,2020-05-19,Staten Island,34
2709,2020-05-20,Staten Island,35
2710,2020-05-21,Staten Island,40
2711,2020-05-22,Staten Island,40
2712,2020-05-23,Staten Island,42
2713,2020-05-24,Staten Island,43
2714,2020-05-25,Staten Island,39
2715,2020-05-26,Staten Island,42
2716,2020-05-27,Staten Island,40
2717,2020-05-28,Staten Island,33
2718,2020-05-29,Staten Island,32
2719,2020-05-30,Staten Island,29
2720,2020-05-31,Staten Island,29
2721,2020-06-01,Staten Island,33
2722,2020-06-02,Staten Island,29
2723,2020-06-03,Staten Island,29
2724,2020-06-04,Staten Island,29
2725,2020-06-05,Staten Island,27
2726,2020-06-06,Staten Island,25
2727,2020-06-07,Staten Island,24
2728,2020-06-08,Staten Island,21
2729,2020-06-09,Staten Island,19
2730,2020-06-10,Staten Island,14
2731,2020-06-11,Staten Island,12
2732,2020-06-12,Staten Island,14
2733,2020-06-13,Staten Island,13
2734,2020-06-14,Staten Island,13
2735,2020-06-15,Staten Island,13
2736,2020-06-16,Staten Island,13
2737,2020-06-17,Staten Island,13
2738,2020-06-18,Staten Island,15
2739,2020-06-19,Staten Island,13
2740,2020-06-20,Staten Island,14
2741,2020-06-21,Staten Island,15
2742,2020-06-22,Staten Island,15
2743,2020-06-23,Staten Island,14
2744,2020-06-24,Staten Island,14
2745,2020-06-25,Staten Island,14
2746,2020-06-26,Staten Island,15
2747,2020-06-27,Staten Island,16
2748,2020-06-28,Staten Island,17
2749,2020-06-29,Staten Island,17
2750,2020-06-30,Staten Island,19
2751,2020-07-01,Staten Island,23
2752,2020-07-02,Staten Island,21
2753,2020-07-03,Staten Island,20
2754,2020-07-04,Staten Island,20
2755,2020-07-05,Staten Island,20
2756,2020-07-06,Staten Island,21
2757,2020-07-07,Staten Island,21
2758,2020-07-08,Staten Island,19
2759,2020-07-09,Staten Island,19
2760,2020-07-10,Staten Island,20
2761,2020-07-11,Staten Island,20
2762,2020-07-12,Staten Island,20
2763,2020-07-13,Staten Island,21
2764,2020-07-14,Staten Island,19
2765,2020-07-15,Staten Island,19
2766,2020-07-16,Staten Island,21
2767,2020-07-17,Staten Island,23
2768,2020-07-18,Staten Island,24
2769,2020-07-19,Staten Island,24
2770,2020-07-20,Staten Island,24
2771,2020-07-21,Staten Island,24
2772,2020-07-22,Staten Island,24
2773,2020-07-23,Staten Island,23
2774,2020-07-24,Staten Island,23
2775,2020-07-25,Staten Island,23
2776,2020-07-26,Staten Island,23
2777,2020-07-27,Staten Island,22
2778,2020-07-28,Staten Island,22
2779,2020-07-29,Staten Island,21
2780,2020-07-30,Staten Island,18
2781,2020-07-31,Staten Island,17
2782,2020-08-01,Staten Island,16
2783,2020-08-02,Staten Island,15
2784,2020-08-03,Staten Island,14
2785,2020-08-04,Staten Island,12
2786,2020-08-05,Staten Island,12
2787,2020-08-06,Staten Island,13
2788,2020-08-07,Staten Island,11
2789,2020-08-08,Staten Island,11
2790,2020-08-09,Staten Island,12
2791,2020-08-10,Staten Island,12
2792,2020-08-11,Staten Island,14
2793,2020-08-12,Staten Island,14
2794,2020-08-13,Staten Island,14
2795,2020-08-14,Staten Island,15
2796,2020-08-15,Staten Island,15
2797,2020-08-16,Staten Island,15
2798,2020-08-17,Staten Island,13
2799,2020-08-18,Staten Island,13
2800,2020-08-19,Staten Island,13
2801,2020-08-20,Staten Island,14
2802,2020-08-21,Staten Island,14
2803,2020-08-22,Staten Island,13
2804,2020-08-23,Staten Island,13
2805,2020-08-24,Staten Island,14
2806,2020-08-25,Staten Island,13
2807,2020-08-26,Staten Island,13
2808,2020-08-27,Staten Island,12
2809,2020-08-28,Staten Island,13
2810,2020-08-29,Staten Island,13
2811,2020-08-30,Staten Island,16
2812,2020-08-31,Staten Island,17
2813,2020-09-01,Staten Island,18
2814,2020-09-02,Staten Island,18
2815,2020-09-03,Staten Island,19
2816,2020-09-04,Staten Island,20
2817,2020-09-05,Staten Island,22
2818,2020-09-06,Staten Island,20
2819,2020-09-07,Staten Island,20
2820,2020-09-08,Staten Island,21
2821,2020-09-09,Staten Island,22
2822,2020-09-10,Staten Island,23
2823,2020-09-11,Staten Island,22
2824,2020-09-12,Staten Island,21
2825,2020-09-13,Staten Island,21
2826,2020-09-14,Staten Island,22
2827,2020-09-15,Staten Island,21
2828,2020-09-16,Staten Island,20
2829,2020-09-17,Staten Island,19
2830,2020-09-18,Staten Island,20
2831,2020-09-19,Staten Island,20
2832,2020-09-20,Staten Island,21
2833,2020-09-21,Staten Island,20
2834,2020-09-22,Staten Island,22
2835,2020-09-23,Staten Island,24
2836,2020-09-24,Staten Island,24
2837,2020-09-25,Staten Island,25
2838,2020-09-26,Staten Island,28
2839,2020-09-27,Staten Island,29
2840,2020-09-28,Staten Island,32
2841,2020-09-29,Staten Island,33
2842,2020-09-30,Staten Island,34
2843,2020-10-01,Staten Island,34
2844,2020-10-02,Staten Island,35
2845,2020-10-03,Staten Island,33
2846,2020-10-04,Staten Island,32
2847,2020-10-05,Staten Island,31
2848,2020-10-06,Staten Island,30
2849,2020-10-07,Staten Island,30
2850,2020-10-08,Staten Island,31
2851,2020-10-09,Staten Island,30
2852,2020-10-10,Staten Island,33
2853,2020-10-11,Staten Island,31
2854,2020-10-12,Staten Island,31
2855,2020-10-13,Staten Island,33
2856,2020-10-14,Staten Island,33
2857,2020-10-15,Staten Island,34
2858,2020-10-16,Staten Island,35
2859,2020-10-17,Staten Island,35
2860,2020-10-18,Staten Island,38
2861,2020-10-19,Staten Island,38
2862,2020-10-20,Staten Island,37
2863,2020-10-21,Staten Island,39
2864,2020-10-22,Staten Island,44
2865,2020-10-23,Staten Island,46
2866,2020-10-24,Staten Island,45
2867,2020-10-25,Staten Island,44
2868,2020-10-26,Staten Island,49
2869,2020-10-27,Staten Island,55
2870,2020-10-28,Staten Island,60
2871,2020-10-29,Staten Island,58
2872,2020-10-30,Staten Island,62
2873,2020-10-31,Staten Island,65
2874,2020-11-01,Staten Island,66
2875,2020-11-02,Staten Island,70
2876,2020-11-03,Staten Island,72
2877,2020-11-04,Staten Island,79
2878,2020-11-05,Staten Island,87
2879,2020-11-06,Staten Island,95
2880,2020-11-07,Staten Island,100
2881,2020-11-08,Staten Island,108
2882,2020-11-09,Staten Island,123
2883,2020-11-10,Staten Island,131
2884,2020-11-11,Staten Island,135
2885,2020-11-12,Staten Island,143
2886,2020-11-13,Staten Island,149
2887,2020-11-14,Staten Island,152
2888,2020-11-15,Staten Island,160
2889,2020-11-16,Staten Island,157
2890,2020-11-17,Staten Island,164
2891,2020-11-18,Staten Island,168
2892,2020-11-19,Staten Island,173
2893,2020-11-20,Staten Island,180
2894,2020-11-21,Staten Island,187
2895,2020-11-22,Staten Island,191
2896,2020-11-23,Staten Island,206
2897,2020-11-24,Staten Island,213
2898,2020-11-25,Staten Island,226
2899,2020-11-26,Staten Island,211
2900,2020-11-27,Staten Island,218
2901,2020-11-28,Staten Island,226
2902,2020-11-29,Staten Island,240
2903,2020-11-30,Staten Island,253
2904,2020-12-01,Staten Island,271
2905,2020-12-02,Staten Island,284
2906,2020-12-03,Staten Island,319
2907,2020-12-04,Staten Island,326
2908,2020-12-05,Staten Island,331
2909,2020-12-06,Staten Island,322
2910,2020-12-07,Staten Island,321
2911,2020-12-08,Staten Island,311
2912,2020-12-09,Staten Island,301
2913,2020-12-10,Staten Island,293
2914,2020-12-11,Staten Island,284
2915,2020-12-12,Staten Island,279
2916,2020-12-13,Staten Island,284
2917,2020-12-14,Staten Island,281
2918,2020-12-15,Staten Island,288
2919,2020-12-16,Staten Island,276
2920,2020-12-17,Staten Island,263
2921,2020-12-18,Staten Island,273
2922,2020-12-19,Staten Island,279
2923,2020-12-20,Staten Island,286
2924,2020-12-21,Staten Island,297
2925,2020-12-22,Staten Island,300
2926,2020-12-23,Staten Island,324
2927,2020-12-24,Staten Island,332
2928,2020-12-25,Staten Island,297
2929,2020-12-26,Staten Island,316
2930,2020-12-27,Staten Island,319
2931,2020-12-28,Staten Island,338
2932,2020-12-29,Staten Island,370
2933,2020-12-30,Staten Island,379
2934,2020-12-31,Staten Island,400
2935,2021-01-01,Staten Island,403
2936,2021-01-02,Staten Island,420
2937,2021-01-03,Staten Island,433
2938,2021-01-04,Staten Island,446
2939,2021-01-05,Staten Island,437
2940,2021-01-06,Staten Island,445
2941,2021-01-07,Staten Island,455
2942,2021-01-08,Staten Island,506
2943,2021-01-09,Staten Island,486
2944,2021-01-10,Staten Island,478
2945,2021-01-11,Staten Island,451
2946,2021-01-12,Staten Island,437
2947,2021-01-13,Staten Island,416
2948,2021-01-14,Staten Island,411
2949,2021-01-15,Staten Island,393
2950,2021-01-16,Staten Island,382
2951,2021-01-17,Staten Island,370
2952,2021-01-18,Staten Island,357
2953,2021-01-19,Staten Island,346
2954,2021-01-20,Staten Island,342
2955,2021-01-21,Staten Island,332
2956,2021-01-22,Staten Island,329
2957,2021-01-23,Staten Island,321
2958,2021-01-24,Staten Island,310
2959,2021-01-25,Staten Island,307
2960,2021-01-26,Staten Island,299
2961,2021-01-27,Staten Island,289
2962,2021-01-28,Staten Island,277
2963,2021-01-29,Staten Island,263
2964,2021-01-30,Staten Island,251
2965,2021-01-31,Staten Island,257
2966,2021-02-01,Staten Island,212
2967,2021-02-02,Staten Island,193
2968,2021-02-03,Staten Island,199
2969,2021-02-04,Staten Island,201
2970,2021-02-05,Staten Island,202
2971,2021-02-06,Staten Island,205
2972,2021-02-07,Staten Island,188
2973,2021-02-08,Staten Island,220
2974,2021-02-09,Staten Island,234
2975,2021-02-10,Staten Island,227
2976,2021-02-11,Staten Island,219
2977,2021-02-12,Staten Island,218
2978,2021-02-13,Staten Island,211
2979,2021-02-14,Staten Island,213
2980,2021-02-15,Staten Island,209
2981,2021-02-16,Staten Island,201
2982,2021-02-17,Staten Island,190
2983,2021-02-18,Staten Island,173
2984,2021-02-19,Staten Island,172
2985,2021-02-20,Staten Island,178
2986,2021-02-21,Staten Island,183
2987,2021-02-22,Staten Island,182
2988,2021-02-23,Staten Island,184
2989,2021-02-24,Staten Island,187
2990,2021-02-25,Staten Island,209
2991,2021-02-26,Staten Island,207
2992,2021-02-27,Staten Island,202
2993,2021-02-28,Staten Island,202
2994,2021-03-01,Staten Island,206
2995,2021-03-02,Staten Island,214
2996,2021-03-03,Staten Island,221
2997,2021-03-04,Staten Island,220
2998,2021-03-05,Staten Island,222
2999,2021-03-06,Staten Island,227
3000,2021-03-07,Staten Island,227
3001,2021-03-08,Staten Island,227
3002,2021-03-09,Staten Island,224
3003,2021-03-10,Staten Island,223
3004,2021-03-11,Staten Island,217
3005,2021-03-12,Staten Island,218
3006,2021-03-13,Staten Island,219
3007,2021-03-14,Staten Island,219
3008,2021-03-15,Staten Island,215
3009,2021-03-16,Staten Island,212
3010,2021-03-17,Staten Island,213
3011,2021-03-18,Staten Island,215
3012,2021-03-19,Staten Island,219
3013,2021-03-20,Staten Island,216
3014,2021-03-21,Staten Island,220
3015,2021-03-22,Staten Island,233
3016,2021-03-23,Staten Island,239
3017,2021-03-24,Staten Island,242
3018,2021-03-25,Staten Island,251
3019,2021-03-26,Staten Island,257
3020,2021-03-27,Staten Island,264
3021,2021-03-28,Staten Island,261
3022,2021-03-29,Staten Island,260
3023,2021-03-30,Staten Island,259
3024,2021-03-31,Staten Island,256
3025,2021-04-01,Staten Island,246
3026,2021-04-02,Staten Island,233
3027,2021-04-03,Staten Island,231
3028,2021-04-04,Staten Island,230
3029,2021-04-05,Staten Island,226
3030,2021-04-06,Staten Island,226
3031,2021-04-07,Staten Island,221
3032,2021-04-08,Staten Island,222
3033,2021-04-09,Staten Island,227
3034,2021-04-10,Staten Island,220
3035,2021-04-11,Staten Island,218
3036,2021-04-12,Staten Island,207
3037,2021-04-13,Staten Island,195
3038,2021-04-14,Staten Island,194
3039,2021-04-15,Staten Island,185
3040,2021-04-16,Staten Island,175
3041,2021-04-17,Staten Island,170
3042,2021-04-18,Staten Island,167
3043,2021-04-19,Staten Island,164
3044,2021-04-20,Staten Island,161
3045,2021-04-21,Staten Island,149
3046,2021-04-22,Staten Island,142
3047,2021-04-23,Staten Island,134
3048,2021-04-24,Staten Island,129
3049,2021-04-25,Staten Island,124
3050,2021-04-26,Staten Island,115
3051,2021-04-27,Staten Island,108
3052,2021-04-28,Staten Island,105
3053,2021-04-29,Staten Island,100
3054,2021-04-30,Staten Island,93
3055,2021-05-01,Staten Island,90
3056,2021-05-02,Staten Island,88
3057,2021-05-03,Staten Island,81
3058,2021-05-04,Staten Island,79
3059,2021-05-05,Staten Island,72
3060,2021-05-06,Staten Island,67
3061,2021-05-07,Staten Island,67
3062,2021-05-08,Staten Island,64
3063,2021-05-09,Staten Island,59
3064,2021-05-10,Staten Island,56
3065,2021-05-11,Staten Island,53
3066,2021-05-12,Staten Island,54
3067,2021-05-13,Staten Island,53
3068,2021-05-14,Staten Island,48
3069,2021-05-15,Staten Island,46
3070,2021-05-16,Staten Island,45
3071,2021-05-17,Staten Island,43
3072,2021-05-18,Staten Island,40
3073,2021-05-19,Staten Island,34
3074,2021-05-20,Staten Island,32
3075,2021-05-21,Staten Island,29
3076,2021-05-22,Staten Island,30
3077,2021-05-23,Staten Island,30
3078,2021-05-24,Staten Island,32
3079,2021-05-25,Staten Island,31
3080,2021-05-26,Staten Island,28
3081,2021-05-27,Staten Island,28
3082,2021-05-28,Staten Island,27
3083,2021-05-29,Staten Island,25
3084,2021-05-30,Staten Island,24
3085,2021-05-31,Staten Island,19
3086,2021-06-01,Staten Island,18
3087,2021-06-02,Staten Island,19
3088,2021-06-03,Staten Island,17
3089,2021-06-04,Staten Island,18
3090,2021-06-05,Staten Island,18
3091,2021-06-06,Staten Island,18
3092,2021-06-07,Staten Island,19
3093,2021-06-08,Staten Island,18
3094,2021-06-09,Staten Island,17
3095,2021-06-10,Staten Island,17
3096,2021-06-11,Staten Island,15
3097,2021-06-12,Staten Island,16
3098,2021-06-13,Staten Island,15
3099,2021-06-14,Staten Island,14
3100,2021-06-15,Staten Island,15
3101,2021-06-16,Staten Island,16
3102,2021-06-17,Staten Island,17
3103,2021-06-18,Staten Island,18
3104,2021-06-19,Staten Island,18
3105,2021-06-20,Staten Island,18
3106,2021-06-21,Staten Island,20
3107,2021-06-22,Staten Island,19
3108,2021-06-23,Staten Island,19
3109,2021-06-24,Staten Island,20
3110,2021-06-25,Staten Island,20
3111,2021-06-26,Staten Island,22
3112,2021-06-27,Staten Island,24
3113,2021-06-28,Staten Island,24
3114,2021-06-29,Staten Island,27
3115,2021-06-30,Staten Island,27
3116,2021-07-01,Staten Island,28
3117,2021-07-02,Staten Island,27
3118,2021-07-03,Staten Island,28
3119,2021-07-04,Staten Island,27
3120,2021-07-05,Staten Island,26
3121,2021-07-06,Staten Island,25
3122,2021-07-07,Staten Island,28
3123,2021-07-08,Staten Island,30
3124,2021-07-09,Staten Island,31
3125,2021-07-10,Staten Island,32
3126,2021-07-11,Staten Island,33
3127,2021-07-12,Staten Island,35
3128,2021-07-13,Staten Island,39
3129,2021-07-14,Staten Island,40
3130,2021-07-15,Staten Island,41
3131,2021-07-16,Staten Island,45
3132,2021-07-17,Staten Island,46
3133,2021-07-18,Staten Island,46
3134,2021-07-19,Staten Island,52
3135,2021-07-20,Staten Island,54
3136,2021-07-21,Staten Island,56
3137,2021-07-22,Staten Island,61
3138,2021-07-23,Staten Island,60
3139,2021-07-24,Staten Island,63
3140,2021-07-25,Staten Island,68
3141,2021-07-26,Staten Island,74
3142,2021-07-27,Staten Island,78
3143,2021-07-28,Staten Island,84
3144,2021-07-29,Staten Island,89
3145,2021-07-30,Staten Island,98
3146,2021-07-31,Staten Island,104
3147,2021-08-01,Staten Island,105
3148,2021-08-02,Staten Island,106
3149,2021-08-03,Staten Island,113
3150,2021-08-04,Staten Island,121
3151,2021-08-05,Staten Island,121
3152,2021-08-06,Staten Island,123
3153,2021-08-07,Staten Island,127
3154,2021-08-08,Staten Island,136
3155,2021-08-09,Staten Island,143
3156,2021-08-10,Staten Island,143
3157,2021-08-11,Staten Island,141
3158,2021-08-12,Staten Island,149
3159,2021-08-13,Staten Island,150
3160,2021-08-14,Staten Island,146
3161,2021-08-15,Staten Island,138
3162,2021-08-16,Staten Island,134
3163,2021-08-17,Staten Island,132
3164,2021-08-18,Staten Island,133
3165,2021-08-19,Staten Island,128
3166,2021-08-20,Staten Island,125
3167,2021-08-21,Staten Island,128
3168,2021-08-22,Staten Island,129
3169,2021-08-23,Staten Island,131
3170,2021-08-24,Staten Island,136
3171,2021-08-25,Staten Island,137
3172,2021-08-26,Staten Island,139
3173,2021-08-27,Staten Island,141
3174,2021-08-28,Staten Island,140
3175,2021-08-29,Staten Island,141
3176,2021-08-30,Staten Island,144
3177,2021-08-31,Staten Island,149
3178,2021-09-01,Staten Island,144
3179,2021-09-02,Staten Island,148
3180,2021-09-03,Staten Island,157
3181,2021-09-04,Staten Island,157
3182,2021-09-05,Staten Island,159
3183,2021-09-06,Staten Island,147
3184,2021-09-07,Staten Island,143
3185,2021-09-08,Staten Island,142
3186,2021-09-09,Staten Island,135
3187,2021-09-10,Staten Island,126
3188,2021-09-11,Staten Island,125
3189,2021-09-12,Staten Island,124
3190,2021-09-13,Staten Island,127
3191,2021-09-14,Staten Island,124
3192,2021-09-15,Staten Island,127
3193,2021-09-16,Staten Island,128
3194,2021-09-17,Staten Island,124
3195,2021-09-18,Staten Island,122
3196,2021-09-19,Staten Island,118
3197,2021-09-20,Staten Island,122
3198,2021-09-21,Staten Island,115
3199,2021-09-22,Staten Island,109
3200,2021-09-23,Staten Island,103
3201,2021-09-24,Staten Island,100
3202,2021-09-25,Staten Island,99
3203,2021-09-26,Staten Island,100
3204,2021-09-27,Staten Island,94
3205,2021-09-28,Staten Island,94
3206,2021-09-29,Staten Island,92
3207,2021-09-30,Staten Island,92
3208,2021-10-01,Staten Island,92
3209,2021-10-02,Staten Island,87
3210,2021-10-03,Staten Island,84
3211,2021-10-04,Staten Island,81
3212,2021-10-05,Staten Island,82
3213,2021-10-06,Staten Island,79
3214,2021-10-07,Staten Island,80
3215,2021-10-08,Staten Island,80
3216,2021-10-09,Staten Island,81
3217,2021-10-10,Staten Island,81
3218,2021-10-11,Staten Island,78
3219,2021-10-12,Staten Island,79
3220,2021-10-13,Staten Island,85
3221,2021-10-14,Staten Island,87
3222,2021-10-15,Staten Island,87
3223,2021-10-16,Staten Island,86
3224,2021-10-17,Staten Island,85
3225,2021-10-18,Staten Island,87
3226,2021-10-19,Staten Island,83
3227,2021-10-20,Staten Island,77
3228,2021-10-21,Staten Island,74
3229,2021-10-22,Staten Island,73
3230,2021-10-23,Staten Island,75
3231,2021-10-24,Staten Island,74
3232,2021-10-25,Staten Island,74
3233,2021-10-26,Staten Island,72
3234,2021-10-27,Staten Island,71
3235,2021-10-28,Staten Island,70
3236,2021-10-29,Staten Island,67
3237,2021-10-30,Staten Island,64
3238,2021-10-31,Staten Island,60
3239,2021-11-01,Staten Island,57
3240,2021-11-02,Staten Island,56
3241,2021-11-03,Staten Island,55
3242,2021-11-04,Staten Island,52
3243,2021-11-05,Staten Island,52
3244,2021-11-06,Staten Island,52
3245,2021-11-07,Staten Island,55
3246,2021-11-08,Staten Island,59
3247,2021-11-09,Staten Island,63
3248,2021-11-10,Staten Island,64
3249,2021-11-11,Staten Island,63
3250,2021-11-12,Staten Island,68
3251,2021-11-13,Staten Island,69
3252,2021-11-14,Staten Island,72
3253,2021-11-15,Staten Island,77
3254,2021-11-16,Staten Island,78
3255,2021-11-17,Staten Island,83
3256,2021-11-18,Staten Island,90
3257,2021-11-19,Staten Island,94
3258,2021-11-20,Staten Island,98
3259,2021-11-21,Staten Island,101
3260,2021-11-22,Staten Island,104
3261,2021-11-23,Staten Island,105
3262,2021-11-24,Staten Island,113
3263,2021-11-25,Staten Island,107
3264,2021-11-26,Staten Island,106
3265,2021-11-27,Staten Island,110
3266,2021-11-28,Staten Island,115
3267,2021-11-29,Staten Island,128
3268,2021-11-30,Staten Island,139
3269,2021-12-01,Staten Island,147
3270,2021-12-02,Staten Island,170
3271,2021-12-03,Staten Island,182
3272,2021-12-04,Staten Island,191
3273,2021-12-05,Staten Island,196
3274,2021-12-06,Staten Island,197
3275,2021-12-07,Staten Island,209
3276,2021-12-08,Staten Island,215
3277,2021-12-09,Staten Island,223
3278,2021-12-10,Staten Island,230
3279,2021-12-11,Staten Island,234
3280,2021-12-12,Staten Island,240
3281,2021-12-13,Staten Island,263
3282,2021-12-14,Staten Island,288
3283,2021-12-15,Staten Island,311
3284,2021-12-16,Staten Island,298
